Timestamp,RequestName,Total,OK,KO,KO_Percent,Reqs_Per_Sec,Min,p50,p75,p95,p99,Max,Mean,StdDev
2025-08-04T23:51:47.297442,"Login",13677,13677,-,0,1.2,5,159,537,1758,3913,8204,436,667
2025-08-04T23:51:47.297442,"Get locations",15459,15459,-,0,1.36,29,499,865,1936,3777,6989,689,695
2025-08-04T23:51:47.297442,"Select Location",13677,13677,-,0,1.2,3,90,406,1429,3039,9647,350,591
2025-08-04T23:51:47.297442,"Get Address Template",16947,16947,-,0,1.49,1,31,91,937,5054,7114,140,323
2025-08-04T23:51:47.297442,"Get Relationship Types",16947,16947,-,0,1.49,3,64,199,870,2255,7488,216,408
2025-08-04T23:51:47.297442,"Get Appointments for Specific Date",13677,13677,-,0,1.2,13,404,917,2407,4834,12321,701,849
2025-08-04T23:51:47.297442,"Get Module Information",18506,18506,-,0,1.62,1,37,107,741,1166,3976,133,280
2025-08-04T23:51:47.297442,"Get Patient Identifier Types",16947,16947,-,0,1.49,3,87,231,1010,2275,6664,243,421
2025-08-04T23:51:47.297442,"Get Primary Identifier Term Mapping",29319,29319,-,0,2.57,3,95,324,1267,3250,6144,294,510
2025-08-04T23:51:47.297442,"Get Identifier Source",30624,30624,-,0,2.69,3,102,324,1207,2752,7781,304,508
2025-08-04T23:51:47.297442,"Get Locations by Tag and Query",18785,18785,-,0,1.65,4,133,431,1599,5201,8393,363,578
2025-08-04T23:51:47.297442,"Get Visits",14216,14216,-,0,1.25,12,5055,10051,17179,21456,31519,6273,5720
2025-08-04T23:51:47.297442,"Get Auto Generation Options",16947,16947,-,0,1.49,7,265,827,2368,4865,11380,628,905
2025-08-04T23:51:47.297442,"Get Queue Entry",16418,16418,-,0,1.44,5,266,1114,5097,9740,25601,1078,2077
2025-08-04T23:51:47.297442,"Get Visit Types",6667,6667,-,0,0.58,2,51,185,1073,1598,5110,196,386
2025-08-04T23:51:47.297442,"Get Current Visit of Patient",12506,12506,-,0,1.1,40,4680,12196,27255,39379,75118,8177,9096
2025-08-04T23:51:47.297442,"Get Visits of Patient",13357,13357,-,0,1.17,39,2210,4409,8786,12400,22402,2994,2873
2025-08-04T23:51:47.297442,"Get Program Enrollments of Patient",8681,8681,-,0,0.76,4,313,643,1794,2649,10211,498,617
2025-08-04T23:51:47.297442,"Get Visit Queue Entry",13117,13117,-,0,1.15,8,188,452,1692,2331,5958,380,542
2025-08-04T23:51:47.297442,"Get Appointments of a Patient",6979,6979,-,0,0.61,2,52,239,1513,1704,7131,230,443
2025-08-04T23:51:47.297442,"Get Patient Summary Data",14304,14304,-,0,1.25,6,163,343,1324,4971,8625,316,460
2025-08-04T23:51:47.297442,"Get Active Visits of Patient",128307,128307,-,0,11.26,4,106,358,1516,6348,8928,292,496
2025-08-04T23:51:47.297442,"Get isVisitsEnabled",9541,9541,-,0,0.84,2,63,260,1127,2634,6662,254,477
2025-08-04T23:51:47.297442,"Get the status of patient death",119739,119739,-,0,10.5,3,82,228,1144,6599,9277,212,378
2025-08-04T23:51:47.297442,"Get all the constraints on the vital concepts",9541,9541,-,0,0.84,4,106,298,1219,2825,5409,291,486
2025-08-04T23:51:47.297442,"Get Patient Observations",28897,28897,-,0,2.54,1,1329,5614,15205,21657,39929,3792,5195
2025-08-04T23:51:47.297442,"Get Patient Conditions",10895,10895,-,0,0.96,1,1021,3769,10434,16328,33946,2658,3685
2025-08-04T23:51:47.297442,"Get Active Orders",9193,9193,-,0,0.81,6,592,1765,4871,7893,18469,1285,1717
2025-08-04T23:51:47.297442,"Get Admission Location Info",1862,1862,-,0,0.16,5,120,370,1396,3212,6624,341,561
2025-08-04T23:51:47.297442,"Get Admission Info",1862,1862,-,0,0.16,26,608,1566,3670,7519,20247,1148,1548
2025-08-04T23:51:47.297442,"Get Inpatient Request",1862,1862,-,0,0.16,13,595,6307,45096,66776,86650,7720,15527
2025-08-04T23:51:47.297442,"Get Patients",2204,2201,3,0.14,0.19,15,19463,47764,62295,70809,83406,25001,22918
2025-08-04T23:51:47.297442,"Submit Visit Form",6128,6128,-,0,0.54,11,365,912,2486,5854,8671,682,867
2025-08-04T23:51:47.297442,"Get Locations That Support Visits",2743,2743,-,0,0.24,5,106,298,1022,2406,5626,266,436
2025-08-04T23:51:47.297442,"Get Beds for Patient",1862,1862,-,0,0.16,4,129,303,1132,1974,3800,267,394
2025-08-04T23:51:47.297442,"Save Ward Encounter",4655,4655,-,0,0.41,13,593,1921,6010,10542,17524,1498,2127
2025-08-04T23:51:47.297442,"Get Order Types",1514,1514,-,0,0.13,3,68,201,1035,2687,4318,220,419
2025-08-04T23:51:47.297442,"Save Vitals",1999,1999,-,0,0.18,80,3792,7718,13912,18206,29005,5092,4571
2025-08-04T23:51:47.297442,"Get Vitals concept reference ranges",1862,1862,-,0,0.16,39,1120,2012,4519,6384,10282,1437,1392
2025-08-04T23:51:47.297442,"Get Specific Visit Details",7676,7676,-,0,0.67,7,251,598,2005,2812,6503,482,643
2025-08-04T23:51:47.297442,"Get Transfer Locations configuration data",1862,1862,-,0,0.16,50,2224,6516,13084,17785,25472,3887,4378
2025-08-04T23:51:47.297442,"Get Transferable locations",1862,1862,-,0,0.16,31,630,942,1957,3188,5742,722,646
2025-08-04T23:51:47.297442,"Search for Drug",3028,3028,-,0,0.27,2,51,216,1026,2469,6008,226,452
2025-08-04T23:51:47.297442,"Save Drug Order",1514,1514,-,0,0.13,37,1468,2965,6256,9798,16011,2056,2150
2025-08-04T23:51:47.297442,"Get Allergies of Patient",1999,1999,-,0,0.18,2,466,1363,3849,6554,10833,1012,1366
2025-08-04T23:51:47.297442,"Get Drug Allergens",1999,1999,-,0,0.18,52,1453,1869,2863,3997,7137,1420,858
2025-08-04T23:51:47.297442,"Get Environment Allergens",1999,1999,-,0,0.18,30,837,1181,2066,3162,5569,900,659
2025-08-04T23:51:47.297442,"Get Food Allergens",1999,1999,-,0,0.18,12,328,570,1469,2480,4766,477,527
2025-08-04T23:51:47.297442,"Get Allergic Reactions Allergens",1999,1999,-,0,0.18,16,420,717,1600,2552,4869,563,531
2025-08-04T23:51:47.297442,"Get Person Attribute Type",3270,3270,-,0,0.29,2,78,242,1076,1891,4008,235,409
2025-08-04T23:51:47.297442,"Get Ordered Address Hierarchy Levels",3270,3270,-,0,0.29,1,19,33,575,930,3928,70,226
2025-08-04T23:51:47.297442,"Get all patient lists",9120,9120,-,0,0.8,7,906,1451,2582,3899,9591,1008,868
2025-08-04T23:51:47.297442,"Get All Appointment Services(full)",1617,1617,-,0,0.14,2,52,149,900,2009,5598,187,388
2025-08-04T23:51:47.297442,"Get all appointments for a specific day",1078,1078,-,0,0.09,3,37,76,713,1366,2581,130,277
2025-08-04T23:51:47.297442,"Get all appointment summaries",1078,1078,-,0,0.09,15,404,732,1942,3078,6782,573,670
2025-08-04T23:51:47.297442,"Get Appointment By Status",4312,4312,-,0,0.38,3,48,282,2497,5073,9548,424,963
2025-08-04T23:51:47.297442,"Get the details of a orderType",1559,1559,-,0,0.14,3,80,290,1388,2214,7160,278,497
2025-08-04T23:51:47.297442,"Get Orders of admitted patient by Activated Date",3470,3470,-,0,0.3,5,190,515,1996,3141,6722,480,733
2025-08-04T23:51:47.297442,"Get all default appointment services",1078,1078,-,0,0.09,2,52,182,955,1994,3401,196,384
2025-08-04T23:51:47.297442,"Get all Lab order details",1559,1559,-,0,0.14,13,352,614,1514,2652,5473,487,519
2025-08-04T23:51:47.297442,"Get all visits of the given location with date",1078,1078,-,0,0.09,41,7466,12911,21685,30067,36623,8487,7255
2025-08-04T23:51:47.297442,"Add a lab order",1559,1559,-,0,0.14,23,987,2190,5321,7677,13693,1520,1673
2025-08-04T23:51:47.297442,"Get All Form Encounters",851,851,-,0,0.07,16,1086,1837,3584,5688,7965,1329,1174
2025-08-04T23:51:47.297442,"Get All Forms",851,851,-,0,0.07,9,542,1287,3111,4652,8859,921,1077
2025-08-04T23:51:47.297442,"Get medication request encounters",4542,4542,-,0,0.4,79,12393,29133,48638,60892,77822,17154,16435
2025-08-04T23:51:47.297442,"Get patient age",29992,29992,-,0,2.63,3,159,329,1093,2392,6831,304,427
2025-08-04T23:51:47.297442,"Get patient identification photo",112060,112060,-,0,9.83,4,118,373,1313,5073,10401,317,526
2025-08-04T23:51:47.297442,"Get Person Attributes",1473,1473,-,0,0.13,3,141,293,1061,2180,4086,272,402
2025-08-04T23:51:47.297442,"Get Patient Identifiers",1473,1473,-,0,0.13,5,172,398,1282,2633,6563,344,509
2025-08-04T23:51:47.297442,"Get Relationships of Person",1473,1473,-,0,0.13,4,163,367,1330,2012,4381,335,482
2025-08-04T23:51:47.297442,"Create a patient list",2280,2280,-,0,0.2,11,342,858,2211,3973,8369,643,800
2025-08-04T23:51:47.297442,"Get queue entry number",734,734,-,0,0.06,1,12,27,236,1171,1726,50,154
2025-08-04T23:51:47.297442,"Submit visit queue entry",734,734,-,0,0.06,27,578,1460,3896,6313,9815,1070,1327
2025-08-04T23:51:47.297442,"Get All Providers",3567,3567,-,0,0.31,4,214,812,2726,3453,7982,584,892
2025-08-04T23:51:47.297442,"Get Patient Allergy Intolerance",1514,1514,-,0,0.13,2,359,1295,3994,6805,11593,962,1416
2025-08-04T23:51:47.297442,"Get Specific Medication Requests",6056,6056,-,0,0.53,38,1477,3643,8308,12770,23700,2458,2736
2025-08-04T23:51:47.297442,"Get Encounter With Visit and Diagnoses",1514,1514,-,0,0.13,9,198,422,1395,2143,5020,367,491
2025-08-04T23:51:47.297442,"Save an Allergy",1999,1999,-,0,0.18,15,549,1223,2890,4334,8512,879,979
2025-08-04T23:51:47.297442,"Get all active Lab orders",4677,4677,-,0,0.41,5,1830,5042,10567,15331,21392,3171,3586
2025-08-04T23:51:47.297442,"Get Lab Orders by full filler status",14031,14031,-,0,1.23,4,803,5154,26571,36386,59150,5320,9161
2025-08-04T23:51:47.297442,"Get Clinical Form by UUID",851,851,-,0,0.07,8,208,466,1410,2986,7172,404,571
2025-08-04T23:51:47.297442,"Get Encounter Roles",851,851,-,0,0.07,2,57,205,1124,2207,4695,225,424
2025-08-04T23:51:47.297442,"Get Latest FHIR Encounter",851,851,-,0,0.07,12,352,801,2057,3540,5164,599,692
2025-08-04T23:51:47.297442,"Get Encounter By UUID",851,851,-,0,0.07,11,411,870,2091,3684,5272,655,727
2025-08-04T23:51:47.297442,"Get patient list details",2280,2280,-,0,0.2,6,153,468,1410,2261,5309,370,532
2025-08-04T23:51:47.297442,"Get Locations Search Set",931,931,-,0,0.08,5,103,319,1361,3417,4904,311,546
2025-08-04T23:51:47.297442,"Fetch members of patient list",2280,2280,-,0,0.2,3,92,350,1264,2887,6629,315,525
2025-08-04T23:51:47.297442,"Change the session location",931,931,-,0,0.08,4,98,433,1871,2573,6263,375,644
2025-08-04T23:51:47.297442,"Get service concept set",734,734,-,0,0.06,2,48,203,1197,1857,3255,221,430
2025-08-04T23:51:47.297442,"Get Concept",52890,52890,-,0,4.64,6,294,600,1548,3570,9699,478,567
2025-08-04T23:51:47.297442,"Submit new Service queue",734,734,-,0,0.06,11,244,999,2799,6078,8573,722,1054
2025-08-04T23:51:47.297442,"Get Order Entry Config",1514,1514,-,0,0.13,22,736,1347,3171,5068,8311,988,1014
2025-08-04T23:51:47.297442,"Get ValueSet by UUID",4542,4542,-,0,0.4,15,429,928,2707,3866,7324,705,841
2025-08-04T23:51:47.297442,"Get Medication Request by UUID",4542,4542,-,0,0.4,31,965,2205,4951,7291,11774,1511,1680
2025-08-04T23:51:47.297442,"Get Medication by UUID",1514,1514,-,0,0.13,2,32,96,855,2218,6838,160,428
2025-08-04T23:51:47.297442,"Search Medication by Code",1514,1514,-,0,0.13,6,79,208,1142,2585,4410,240,455
2025-08-04T23:51:47.297442,"Edit patient details",1473,1473,-,0,0.13,24,770,1363,3313,5082,10198,1065,1086
2025-08-04T23:51:47.297442,"Check Appointment Conflicts",539,539,-,0,0.05,7,181,555,1339,2855,5866,408,586
2025-08-04T23:51:47.297442,"Create Appointment",539,539,-,0,0.05,13,330,624,1594,3001,4884,491,564
2025-08-04T23:51:47.297442,"Get patient admission note",9018,9018,-,0,0.79,5,289,726,1855,3581,9227,558,689
2025-08-04T23:51:47.297442,"Submit transition request",734,734,-,0,0.06,35,604,1134,2460,4146,7240,831,866
2025-08-04T23:51:47.297442,"End Visit",6128,6128,-,0,0.54,28,713,1379,3329,5650,10664,1050,1114
2025-08-04T23:51:47.297442,"Generate OMRS Identifier",1797,1797,-,0,0.16,18,540,1040,2472,4096,9992,810,824
2025-08-04T23:51:47.297442,"Send Patient Registration Request",1797,1797,-,0,0.16,41,1070,1953,4049,6311,11459,1446,1355
2025-08-04T23:51:47.297442,"Update full filler status",3118,3118,-,0,0.27,9,248,492,1422,2594,4784,405,507
2025-08-04T23:51:47.297442,"Save a clinical form",851,851,-,0,0.07,27,1559,3409,7018,10578,19811,2338,2390
2025-08-04T23:51:47.297442,"Dispense medication form submission",1514,1514,-,0,0.13,48,1668,3974,7997,10654,17918,2597,2747
2025-08-04T23:51:47.297442,"Submit Appointment StatusChange",1078,1078,-,0,0.09,9,261,583,1772,3472,6059,486,667
2025-08-04T23:51:47.297442,"Get Patient Encounters",851,851,-,0,0.07,78,8263,14982,24021,27732,39157,9569,7624
2025-08-04T23:51:47.297442,"Get Lab Results of Patient",1702,1702,-,0,0.15,3,1764,4017,9603,14004,20687,2855,3173
2025-08-04T23:51:47.297442,"Get specific encounter details",1559,1559,-,0,0.14,8,234,549,1600,3155,7033,442,598
2025-08-04T23:51:47.297442,"Get Alkaline concept details",1559,1559,-,0,0.14,3,72,265,1010,3032,5669,252,471
2025-08-04T23:51:47.297442,"Update the specific encounter",1559,1559,-,0,0.14,25,801,1795,4435,6602,10145,1286,1441
2025-08-04T23:51:47.297442,"Update the Lab Order Completion",1559,1559,-,0,0.14,20,731,1570,3515,5795,10451,1114,1211
2025-08-04T23:51:47.297442,"Get Visits With Diagnoses and Notes (new endpoint)",851,851,-,0,0.07,13,501,1147,2865,4641,10478,862,1020
2025-08-04T23:51:47.297442,"Close medication",1514,1514,-,0,0.13,19,599,1310,3281,5489,8049,974,1135
2025-08-04T23:51:47.297442,"Discontinue the drug order",1514,1514,-,0,0.13,24,795,1788,3962,6755,12164,1222,1362
2025-08-04T23:51:47.297442,"Get Drug Orders except the cancelled and expired",851,851,-,0,0.07,8,1345,2861,6105,9652,13032,1960,2029
2025-08-04T23:51:47.297442,"Get Drug Orders except the discontinued orders",851,851,-,0,0.07,7,1341,2785,6107,8525,11490,1918,1958
2025-08-04T23:51:47.297442,"Get Observation Tree Details",2553,2553,-,0,0.22,6,1439,5681,16320,25310,37800,4026,5558
2025-08-04T23:51:47.297442,"Search for Condition",1702,1702,-,0,0.15,6,177,480,1781,2937,4976,432,622
2025-08-04T23:51:47.297442,"Save Conditions",851,851,-,0,0.07,9,355,836,2236,3253,5960,637,776
2025-08-04T23:51:47.297442,"Get Immunizations of Patient",2553,2553,-,0,0.22,2,248,1555,7586,12570,20516,1447,2612
2025-08-04T23:51:47.297442,"Get all immunizations",851,851,-,0,0.07,9,272,619,1615,2980,3624,485,579
2025-08-04T23:51:47.297442,"Submit Patient immunization",851,851,-,0,0.07,42,2652,5481,10362,13443,20712,3607,3432
2025-08-04T23:51:47.297442,"Get Attachments of Patient",1702,1702,-,0,0.15,8,378,872,2225,4029,6136,649,779
2025-08-04T23:51:47.297442,"Get Allowed File Extensions",851,851,-,0,0.07,2,56,192,960,2256,4955,210,408
2025-08-04T23:51:47.297442,"Get Programs",1702,1702,-,0,0.15,9,326,634,1675,2714,4612,491,526
2025-08-04T23:51:47.297442,"Add new program to patient",851,851,-,0,0.07,11,527,1220,3002,4821,6647,880,1020
2025-08-04T23:51:47.297442,"Complete the program",851,851,-,0,0.07,12,494,1183,2744,4249,6372,839,937
2025-08-04T23:51:47.297442,"Upload Attachment Request",851,845,6,0.71,0.07,24,9254,10602,13041,14987,18261,8284,3689
2025-08-04T23:51:47.297442,"Save Visit Note",851,851,-,0,0.07,20,1063,2392,4758,6889,9347,1556,1569
2025-08-04T23:51:47.297442,"Save Patient Diagnosis",1702,1702,-,0,0.15,8,388,950,2495,4092,6446,710,866
2025-08-03T23:52:41.009515,"Login",13055,13055,-,0,1.14,5,147,577,1841,4890,7719,452,713
2025-08-03T23:52:41.009515,"Get locations",14760,14760,-,0,1.29,31,511,904,2155,3809,8433,714,713
2025-08-03T23:52:41.009515,"Select Location",13055,13055,-,0,1.14,3,85,437,1487,3256,7577,371,636
2025-08-03T23:52:41.009515,"Get Address Template",16216,16216,-,0,1.42,1,29,110,979,4922,7188,149,347
2025-08-03T23:52:41.009515,"Get Relationship Types",16216,16216,-,0,1.42,3,58,215,947,2318,5658,224,418
2025-08-03T23:52:41.009515,"Get Appointments for Specific Date",13055,13055,-,0,1.14,14,526,1120,2919,3690,9203,816,924
2025-08-03T23:52:41.009515,"Get Module Information",17679,17679,-,0,1.55,1,34,127,950,3797,5754,148,322
2025-08-03T23:52:41.009515,"Get Patient Identifier Types",16216,16216,-,0,1.42,3,88,257,1062,3052,7864,256,451
2025-08-03T23:52:41.009515,"Get Primary Identifier Term Mapping",28018,28018,-,0,2.46,3,88,355,1541,4983,7615,305,534
2025-08-03T23:52:41.009515,"Get Identifier Source",29271,29271,-,0,2.57,3,106,385,1341,2850,8057,326,535
2025-08-03T23:52:41.009515,"Get Locations by Tag and Query",17878,17878,-,0,1.57,4,128,476,1790,5274,8043,388,623
2025-08-03T23:52:41.009515,"Get Visits",13559,13559,-,0,1.19,10,5637,10850,18503,23045,33596,6854,6131
2025-08-03T23:52:41.009515,"Get Auto Generation Options",16216,16216,-,0,1.42,7,264,869,2502,4707,9078,662,930
2025-08-03T23:52:41.009515,"Get Queue Entry",15614,15614,-,0,1.37,7,283,1258,5934,14740,27024,1185,2237
2025-08-03T23:52:41.009515,"Get Visit Types",6286,6286,-,0,0.55,2,46,175,1062,2099,4843,207,422
2025-08-03T23:52:41.009515,"Get Current Visit of Patient",11818,11818,-,0,1.04,30,5298,13320,28242,41033,63816,8838,9479
2025-08-03T23:52:41.009515,"Get Visits of Patient",12641,12641,-,0,1.11,36,2448,4705,9180,13080,21999,3217,2991
2025-08-03T23:52:41.009515,"Get Program Enrollments of Patient",8251,8251,-,0,0.72,4,320,673,1785,3399,6015,535,654
2025-08-03T23:52:41.009515,"Get Visit Queue Entry",12521,12521,-,0,1.1,9,217,525,1738,2670,7896,426,590
2025-08-03T23:52:41.009515,"Get Appointments of a Patient",6605,6605,-,0,0.58,2,48,250,1271,3592,5179,239,456
2025-08-03T23:52:41.009515,"Get Patient Summary Data",13663,13663,-,0,1.2,7,181,403,1251,2578,7214,341,476
2025-08-03T23:52:41.009515,"Get Active Visits of Patient",120776,120776,-,0,10.59,4,112,352,1533,1968,9320,315,528
2025-08-03T23:52:41.009515,"Get isVisitsEnabled",9149,9149,-,0,0.8,2,59,299,1246,3339,7160,270,503
2025-08-03T23:52:41.009515,"Get the status of patient death",112602,112602,-,0,9.87,3,85,247,1229,5865,8213,228,400
2025-08-03T23:52:41.009515,"Get all the constraints on the vital concepts",9149,9149,-,0,0.8,4,107,363,1615,1975,6751,320,539
2025-08-03T23:52:41.009515,"Get Patient Observations",27795,27795,-,0,2.44,1,1369,5789,15623,22227,38379,3897,5313
2025-08-03T23:52:41.009515,"Get Patient Conditions",10456,10456,-,0,0.92,1,1099,3947,11225,18222,46766,2781,3863
2025-08-03T23:52:41.009515,"Get Active Orders",8810,8810,-,0,0.77,6,649,1873,4854,9072,14466,1320,1726
2025-08-03T23:52:41.009515,"Get Admission Location Info",1764,1764,-,0,0.15,6,120,435,1939,2234,7807,358,600
2025-08-03T23:52:41.009515,"Get Admission Info",1764,1764,-,0,0.15,29,711,1815,4636,9903,25417,1377,1873
2025-08-03T23:52:41.009515,"Get Inpatient Request",1764,1764,-,0,0.15,14,600,6328,40024,58018,67878,6765,13236
2025-08-03T23:52:41.009515,"Get Patients",2071,2070,1,0.05,0.18,15,22906,53188,69262,78553,87905,28520,25427
2025-08-03T23:52:41.009515,"Submit Visit Form",5782,5782,-,0,0.51,12,388,990,2713,4180,9208,726,921
2025-08-03T23:52:41.009515,"Get Locations That Support Visits",2575,2575,-,0,0.23,6,107,289,1263,1966,6721,275,477
2025-08-03T23:52:41.009515,"Get Beds for Patient",1764,1764,-,0,0.15,4,139,338,1129,2082,5308,293,449
2025-08-03T23:52:41.009515,"Save Ward Encounter",4410,4410,-,0,0.39,14,633,2114,6601,10490,19774,1563,2172
2025-08-03T23:52:41.009515,"Get Order Types",1425,1425,-,0,0.12,3,66,215,1094,2383,4711,229,434
2025-08-03T23:52:41.009515,"Save Vitals",1938,1938,-,0,0.17,86,4172,7972,14424,19013,27972,5320,4712
2025-08-03T23:52:41.009515,"Get Vitals concept reference ranges",1764,1764,-,0,0.15,41,1152,2194,4614,6768,10782,1541,1476
2025-08-03T23:52:41.009515,"Get Specific Visit Details",7342,7342,-,0,0.64,8,287,714,2002,3190,9632,548,717
2025-08-03T23:52:41.009515,"Get Transfer Locations configuration data",1764,1764,-,0,0.15,54,2370,6943,13795,18841,25197,4175,4660
2025-08-03T23:52:41.009515,"Get Transferable locations",1764,1764,-,0,0.15,32,663,966,1983,3411,5160,761,655
2025-08-03T23:52:41.009515,"Search for Drug",2850,2850,-,0,0.25,2,46,230,1126,3372,5399,246,496
2025-08-03T23:52:41.009515,"Save Drug Order",1425,1425,-,0,0.12,41,1548,3161,6525,10033,14714,2142,2126
2025-08-03T23:52:41.009515,"Get Allergies of Patient",1938,1938,-,0,0.17,1,482,1332,4196,7192,13944,1042,1494
2025-08-03T23:52:41.009515,"Get Drug Allergens",1938,1938,-,0,0.17,56,1504,1948,2883,4186,7090,1485,885
2025-08-03T23:52:41.009515,"Get Environment Allergens",1938,1938,-,0,0.17,32,854,1179,2083,3470,5797,913,640
2025-08-03T23:52:41.009515,"Get Food Allergens",1938,1938,-,0,0.17,14,341,605,1587,2610,7083,507,589
2025-08-03T23:52:41.009515,"Get Allergic Reactions Allergens",1938,1938,-,0,0.17,17,428,754,1775,2946,6835,598,586
2025-08-03T23:52:41.009515,"Get all patient lists",8696,8696,-,0,0.76,8,1010,1532,2751,4011,8772,1094,899
2025-08-03T23:52:41.009515,"Get Person Attribute Type",3161,3161,-,0,0.28,2,76,268,1242,2241,4827,256,436
2025-08-03T23:52:41.009515,"Get Ordered Address Hierarchy Levels",3161,3161,-,0,0.28,1,17,32,297,1791,2673,74,211
2025-08-03T23:52:41.009515,"Get All Appointment Services(full)",1512,1512,-,0,0.13,3,52,166,1072,1767,5680,200,405
2025-08-03T23:52:41.009515,"Get all appointments for a specific day",1008,1008,-,0,0.09,10,224,530,1824,3084,4737,445,611
2025-08-03T23:52:41.009515,"Get all appointment summaries",1008,1008,-,0,0.09,18,534,941,1967,3094,6753,676,704
2025-08-03T23:52:41.009515,"Get Orders of admitted patient by Activated Date",4185,4185,-,0,0.37,6,285,915,2579,3724,8312,637,855
2025-08-03T23:52:41.009515,"Get Appointment By Status",4032,4032,-,0,0.35,3,46,388,2953,6088,9129,508,1122
2025-08-03T23:52:41.009515,"Get all default appointment services",1008,1008,-,0,0.09,3,49,155,951,2389,4492,201,427
2025-08-03T23:52:41.009515,"Get all visits of the given location with date",1008,1008,-,0,0.09,17,7591,12960,21084,34248,38833,8586,7135
2025-08-03T23:52:41.009515,"Get the details of a orderType",1463,1463,-,0,0.13,3,74,314,1161,3385,5220,274,486
2025-08-03T23:52:41.009515,"Get all Lab order details",1463,1463,-,0,0.13,14,367,610,1605,2878,6560,513,549
2025-08-03T23:52:41.009515,"Add a lab order",1463,1463,-,0,0.13,25,1056,2340,4917,7880,14129,1599,1749
2025-08-03T23:52:41.009515,"Get All Form Encounters",823,823,-,0,0.07,18,1250,2027,3958,5734,7296,1478,1214
2025-08-03T23:52:41.009515,"Get All Forms",823,823,-,0,0.07,9,562,1403,3382,5214,6427,974,1111
2025-08-03T23:52:41.009515,"Get medication request encounters",4275,4275,-,0,0.37,89,15088,30792,52060,65865,91634,18753,17542
2025-08-03T23:52:41.009515,"Get patient age",28369,28369,-,0,2.49,4,173,383,1234,2459,8799,330,462
2025-08-03T23:52:41.009515,"Create a patient list",2174,2174,-,0,0.19,12,367,905,2283,3648,7655,677,818
2025-08-03T23:52:41.009515,"Get patient identification photo",105217,105217,-,0,9.23,5,120,388,1341,2941,10490,339,556
2025-08-03T23:52:41.009515,"Get Person Attributes",1416,1416,-,0,0.12,4,150,325,1068,2738,4403,295,440
2025-08-03T23:52:41.009515,"Get Patient Identifiers",1416,1416,-,0,0.12,5,183,455,1376,3353,7044,378,542
2025-08-03T23:52:41.009515,"Get Relationships of Person",1416,1416,-,0,0.12,5,178,437,1367,3014,8424,359,541
2025-08-03T23:52:41.009515,"Get queue entry number",685,685,-,0,0.06,1,11,22,445,1432,2747,72,243
2025-08-03T23:52:41.009515,"Submit visit queue entry",685,685,-,0,0.06,33,712,1710,4079,5971,7353,1197,1365
2025-08-03T23:52:41.009515,"Get All Providers",3354,3354,-,0,0.29,4,218,815,2627,3757,8868,602,883
2025-08-03T23:52:41.009515,"Get Patient Allergy Intolerance",1425,1425,-,0,0.12,1,387,1372,4206,7469,10750,1003,1500
2025-08-03T23:52:41.009515,"Get Specific Medication Requests",5700,5700,-,0,0.5,43,1596,3816,9108,14352,23603,2680,2988
2025-08-03T23:52:41.009515,"Get Encounter With Visit and Diagnoses",1425,1425,-,0,0.12,11,242,492,1492,2833,5979,422,566
2025-08-03T23:52:41.009515,"Save an Allergy",1938,1938,-,0,0.17,17,607,1282,3155,5188,8254,949,1088
2025-08-03T23:52:41.009515,"Get all active Lab orders",4389,4389,-,0,0.38,13,2215,5570,12053,17289,28418,3667,4134
2025-08-03T23:52:41.009515,"Get Lab Orders by full filler status",13167,13167,-,0,1.15,5,868,5945,30060,42497,62498,5909,9964
2025-08-03T23:52:41.009515,"Get Clinical Form by UUID",823,823,-,0,0.07,8,195,449,1344,2558,4458,381,492
2025-08-03T23:52:41.009515,"Get Encounter Roles",823,823,-,0,0.07,2,51,204,1151,2670,3910,247,492
2025-08-03T23:52:41.009515,"Get Latest FHIR Encounter",823,823,-,0,0.07,13,394,826,2111,2835,5611,620,677
2025-08-03T23:52:41.009515,"Get Encounter By UUID",823,823,-,0,0.07,12,427,940,2344,3385,8422,710,817
2025-08-03T23:52:41.009515,"Get Locations Search Set",882,882,-,0,0.08,6,108,380,1501,2620,7012,338,582
2025-08-03T23:52:41.009515,"Change the session location",882,882,-,0,0.08,4,114,463,1877,3629,6018,408,699
2025-08-03T23:52:41.009515,"Get patient list details",2174,2174,-,0,0.19,6,168,517,1552,3075,4733,409,576
2025-08-03T23:52:41.009515,"Fetch members of patient list",2174,2174,-,0,0.19,4,95,418,1488,2874,4664,350,580
2025-08-03T23:52:41.009515,"Get service concept set",685,685,-,0,0.06,3,50,166,1429,2249,3783,225,464
2025-08-03T23:52:41.009515,"Get Concept",51127,51127,-,0,4.48,6,309,637,1628,3125,8174,504,585
2025-08-03T23:52:41.009515,"Submit new Service queue",685,685,-,0,0.06,11,260,1030,2915,4405,6086,690,941
2025-08-03T23:52:41.009515,"Get Order Entry Config",1425,1425,-,0,0.12,23,747,1340,3156,4817,9955,1036,1080
2025-08-03T23:52:41.009515,"Get ValueSet by UUID",4275,4275,-,0,0.37,17,454,936,2384,4164,8901,728,853
2025-08-03T23:52:41.009515,"Get Medication Request by UUID",4275,4275,-,0,0.37,37,1025,2421,5017,8299,12580,1630,1753
2025-08-03T23:52:41.009515,"Get Medication by UUID",1425,1425,-,0,0.12,2,33,110,821,1777,4840,144,343
2025-08-03T23:52:41.009515,"Search Medication by Code",1425,1425,-,0,0.12,6,84,200,1035,2367,4399,231,430
2025-08-03T23:52:41.009515,"Edit patient details",1416,1416,-,0,0.12,27,779,1442,3233,5732,9115,1085,1122
2025-08-03T23:52:41.009515,"Check Appointment Conflicts",504,504,-,0,0.04,8,196,558,1559,2389,4518,417,557
2025-08-03T23:52:41.009515,"Create Appointment",504,504,-,0,0.04,16,354,658,2207,2814,3723,549,640
2025-08-03T23:52:41.009515,"Get patient admission note",7285,7285,-,0,0.64,5,327,759,1890,3316,9046,581,701
2025-08-03T23:52:41.009515,"Submit transition request",685,685,-,0,0.06,42,704,1352,3311,5918,8024,1017,1115
2025-08-03T23:52:41.009515,"End Visit",5782,5782,-,0,0.51,33,825,1538,3376,5184,11863,1145,1134
2025-08-03T23:52:41.009515,"Generate OMRS Identifier",1745,1745,-,0,0.15,19,556,1080,2689,4648,9537,865,928
2025-08-03T23:52:41.009515,"Send Patient Registration Request",1745,1745,-,0,0.15,43,1085,2077,4290,6161,8743,1463,1342
2025-08-03T23:52:41.009515,"Update full filler status",2926,2926,-,0,0.26,11,289,589,1493,3158,8080,451,560
2025-08-03T23:52:41.009515,"Save a clinical form",823,823,-,0,0.07,29,1789,3676,7485,11390,19971,2517,2536
2025-08-03T23:52:41.009515,"Dispense medication form submission",1425,1425,-,0,0.12,54,1913,4281,8600,11494,16394,2752,2836
2025-08-03T23:52:41.009515,"Submit Appointment StatusChange",1008,1008,-,0,0.09,11,274,689,1992,3757,6447,540,711
2025-08-03T23:52:41.009515,"Get Patient Encounters",823,823,-,0,0.07,118,8838,15285,25774,29603,33249,10261,7998
2025-08-03T23:52:41.009515,"Get Lab Results of Patient",1646,1646,-,0,0.14,13,1936,4170,9849,14224,18593,2998,3177
2025-08-03T23:52:41.009515,"Get specific encounter details",1463,1463,-,0,0.13,9,259,620,1680,2761,5327,475,597
2025-08-03T23:52:41.009515,"Get Alkaline concept details",1463,1463,-,0,0.13,3,69,291,1357,2552,8544,260,504
2025-08-03T23:52:41.009515,"Update the specific encounter",1463,1463,-,0,0.13,29,917,2000,4258,6903,10033,1386,1501
2025-08-03T23:52:41.009515,"Update the Lab Order Completion",1463,1463,-,0,0.13,22,792,1807,4051,6225,11085,1228,1354
2025-08-03T23:52:41.009515,"Get Visits With Diagnoses and Notes (new endpoint)",823,823,-,0,0.07,13,569,1294,3205,5107,7321,945,1069
2025-08-03T23:52:41.009515,"Close medication",1425,1425,-,0,0.12,21,592,1415,3566,5222,9268,1041,1217
2025-08-03T23:52:41.009515,"Discontinue the drug order",1425,1425,-,0,0.12,27,846,1778,3966,6287,10482,1275,1418
2025-08-03T23:52:41.009515,"Get Drug Orders except the cancelled and expired",823,823,-,0,0.07,8,1299,2885,6283,10173,16638,2005,2129
2025-08-03T23:52:41.009515,"Get Drug Orders except the discontinued orders",823,823,-,0,0.07,7,1323,2805,6295,10312,17181,2026,2206
2025-08-03T23:52:41.009515,"Get Observation Tree Details",2469,2469,-,0,0.22,7,1547,5898,17031,25022,33265,4252,5808
2025-08-03T23:52:41.009515,"Search for Condition",1646,1646,-,0,0.14,6,184,520,1591,2581,3705,410,535
2025-08-03T23:52:41.009515,"Save Conditions",823,823,-,0,0.07,11,392,903,2475,4140,6429,697,872
2025-08-03T23:52:41.009515,"Get Immunizations of Patient",2469,2469,-,0,0.22,2,253,1740,7243,10552,25462,1440,2606
2025-08-03T23:52:41.009515,"Get all immunizations",823,823,-,0,0.07,9,290,685,1970,3157,7220,548,689
2025-08-03T23:52:41.009515,"Submit Patient immunization",823,823,-,0,0.07,45,2906,5653,10580,15122,18224,3750,3491
2025-08-03T23:52:41.009515,"Get Attachments of Patient",1646,1646,-,0,0.14,9,381,841,2231,3683,5031,642,742
2025-08-03T23:52:41.009515,"Get Allowed File Extensions",823,823,-,0,0.07,2,52,238,1097,2190,3488,235,430
2025-08-03T23:52:41.009515,"Get Programs",1646,1646,-,0,0.14,12,315,611,1546,2952,7327,497,588
2025-08-03T23:52:41.009515,"Add new program to patient",823,823,-,0,0.07,12,531,1338,3164,4854,7520,952,1103
2025-08-03T23:52:41.009515,"Complete the program",823,823,-,0,0.07,15,551,1289,3012,4858,7331,925,1044
2025-08-03T23:52:41.009515,"Upload Attachment Request",823,821,2,0.24,0.07,65,9605,10936,12964,14853,18729,8632,3663
2025-08-03T23:52:41.009515,"Save Visit Note",823,823,-,0,0.07,20,1129,2445,5229,7733,12339,1643,1729
2025-08-03T23:52:41.009515,"Save Patient Diagnosis",1646,1646,-,0,0.14,9,401,1010,2700,4341,7033,744,919
2025-08-02T23:53:01.175666,"Login",13796,13796,-,0,1.21,5,155,532,1728,3966,7894,433,673
2025-08-02T23:53:01.175666,"Get locations",15589,15589,-,0,1.37,26,490,826,2047,2791,8433,664,664
2025-08-02T23:53:01.175666,"Select Location",13796,13796,-,0,1.21,2,84,390,1459,3107,12342,343,595
2025-08-02T23:53:01.175666,"Get Address Template",17092,17092,-,0,1.5,1,30,90,907,4161,5725,136,316
2025-08-02T23:53:01.175666,"Get Relationship Types",17092,17092,-,0,1.5,2,61,193,870,2194,6325,210,399
2025-08-02T23:53:01.175666,"Get Appointments for Specific Date",13796,13796,-,0,1.21,13,458,1030,2767,3647,11016,744,875
2025-08-02T23:53:01.175666,"Get Module Information",18661,18661,-,0,1.64,1,35,93,670,1594,5594,134,298
2025-08-02T23:53:01.175666,"Get Patient Identifier Types",17092,17092,-,0,1.5,3,86,233,909,2124,6386,230,395
2025-08-02T23:53:01.175666,"Get Primary Identifier Term Mapping",29586,29586,-,0,2.6,3,88,310,1236,4201,7836,288,498
2025-08-02T23:53:01.175666,"Get Identifier Source",30888,30888,-,0,2.71,3,98,331,1281,2779,9619,302,513
2025-08-02T23:53:01.175666,"Get Locations by Tag and Query",18959,18959,-,0,1.67,4,131,412,1540,4518,7087,357,577
2025-08-02T23:53:01.175666,"Get Visits",14340,14340,-,0,1.26,8,4857,9959,17003,21050,31838,6179,5687
2025-08-02T23:53:01.175666,"Get Auto Generation Options",17092,17092,-,0,1.5,6,258,832,2387,5035,8663,614,863
2025-08-02T23:53:01.175666,"Get Queue Entry",16575,16575,-,0,1.46,5,231,1246,4863,10806,25682,1076,2005
2025-08-02T23:53:01.175666,"Get Visit Types",6732,6732,-,0,0.59,2,48,171,919,2274,5229,193,390
2025-08-02T23:53:01.175666,"Get Current Visit of Patient",12643,12643,-,0,1.11,41,4523,12407,26950,38140,67388,8109,8984
2025-08-02T23:53:01.175666,"Get Visits of Patient",13503,13503,-,0,1.19,34,2153,4444,8674,12002,18761,2963,2825
2025-08-02T23:53:01.175666,"Get Program Enrollments of Patient",8768,8768,-,0,0.77,4,307,651,1871,2611,9056,496,618
2025-08-02T23:53:01.175666,"Get Visit Queue Entry",13245,13245,-,0,1.16,7,186,427,1451,3552,5459,369,517
2025-08-02T23:53:01.175666,"Get Appointments of a Patient",7048,7048,-,0,0.62,2,48,219,1210,4022,6302,221,450
2025-08-02T23:53:01.175666,"Get Patient Summary Data",14444,14444,-,0,1.27,5,160,361,1266,2095,6935,311,456
2025-08-02T23:53:01.175666,"Get Active Visits of Patient",129383,129383,-,0,11.37,3,103,304,1267,2097,8962,288,494
2025-08-02T23:53:01.175666,"Get isVisitsEnabled",9608,9608,-,0,0.84,2,61,242,1140,3240,6174,253,477
2025-08-02T23:53:01.175666,"Get the status of patient death",120730,120730,-,0,10.61,3,79,195,1066,1281,7709,207,371
2025-08-02T23:53:01.175666,"Get all the constraints on the vital concepts",9608,9608,-,0,0.84,3,105,314,1422,2113,6995,296,496
2025-08-02T23:53:01.175666,"Get Patient Observations",29126,29126,-,0,2.56,1,1255,5582,15207,22353,36733,3742,5136
2025-08-02T23:53:01.175666,"Get Patient Conditions",10999,10999,-,0,0.97,1,1002,3638,10052,15700,28560,2559,3527
2025-08-02T23:53:01.175666,"Get Active Orders",9279,9279,-,0,0.82,6,582,1753,4986,8202,14638,1278,1705
2025-08-02T23:53:01.175666,"Get Admission Location Info",1866,1866,-,0,0.16,5,117,358,1482,1967,5509,315,511
2025-08-02T23:53:01.175666,"Get Admission Info",1866,1866,-,0,0.16,25,674,1555,4374,8919,23270,1233,1727
2025-08-02T23:53:01.175666,"Get Inpatient Request",1866,1866,-,0,0.16,13,621,3540,41409,55963,66840,6683,13555
2025-08-02T23:53:01.175666,"Get Patients",2222,2218,4,0.18,0.2,13,20645,47496,63235,71566,80968,25076,23181
2025-08-02T23:53:01.175666,"Submit Visit Form",6188,6188,-,0,0.54,11,367,931,2388,5307,7620,677,885
2025-08-02T23:53:01.175666,"Get Locations That Support Visits",2766,2766,-,0,0.24,5,100,266,1472,2028,4625,260,450
2025-08-02T23:53:01.175666,"Get Beds for Patient",1866,1866,-,0,0.16,4,122,280,1001,3562,5724,257,426
2025-08-02T23:53:01.175666,"Save Ward Encounter",4665,4665,-,0,0.41,13,581,1821,6185,10527,19336,1469,2137
2025-08-02T23:53:01.175666,"Get Order Types",1537,1537,-,0,0.14,2,64,212,854,2464,6112,219,439
2025-08-02T23:53:01.175666,"Save Vitals",2017,2017,-,0,0.18,81,3790,7847,14284,19111,27814,5112,4707
2025-08-02T23:53:01.175666,"Get Vitals concept reference ranges",1866,1866,-,0,0.16,39,1131,2111,4388,6346,10041,1456,1414
2025-08-02T23:53:01.175666,"Get Specific Visit Details",7735,7735,-,0,0.68,7,261,623,1895,2681,7301,490,650
2025-08-02T23:53:01.175666,"Get Transfer Locations configuration data",1866,1866,-,0,0.16,50,2249,6401,13575,17209,23727,3947,4458
2025-08-02T23:53:01.175666,"Get Transferable locations",1866,1866,-,0,0.16,31,625,963,2147,3560,6505,748,696
2025-08-02T23:53:01.175666,"Search for Drug",3074,3074,-,0,0.27,2,52,214,1215,4696,7680,232,463
2025-08-02T23:53:01.175666,"Save Drug Order",1537,1537,-,0,0.14,36,1415,3026,6525,9061,10763,2034,2088
2025-08-02T23:53:01.175666,"Get Allergies of Patient",2017,2017,-,0,0.18,1,453,1397,3866,5994,9861,1025,1380
2025-08-02T23:53:01.175666,"Get Drug Allergens",2017,2017,-,0,0.18,51,1524,1944,2797,4120,5621,1446,868
2025-08-02T23:53:01.175666,"Get Environment Allergens",2017,2017,-,0,0.18,29,854,1162,1991,3140,7977,890,647
2025-08-02T23:53:01.175666,"Get Food Allergens",2017,2017,-,0,0.18,12,336,626,1449,2341,5068,490,533
2025-08-02T23:53:01.175666,"Get Allergic Reactions Allergens",2017,2017,-,0,0.18,15,431,684,1637,2579,5795,564,559
2025-08-02T23:53:01.175666,"Get medication request encounters",4611,4611,-,0,0.41,82,12033,28982,49436,63747,82700,17045,16810
2025-08-02T23:53:01.175666,"Get patient age",30685,30685,-,0,2.7,3,154,322,1142,1789,6887,293,423
2025-08-02T23:53:01.175666,"Get All Appointment Services(full)",1632,1632,-,0,0.14,2,50,147,917,2143,2803,183,364
2025-08-02T23:53:01.175666,"Get all appointments for a specific day",1088,1088,-,0,0.1,3,37,68,815,1942,3926,139,349
2025-08-02T23:53:01.175666,"Get all patient lists",9180,9180,-,0,0.81,6,886,1406,2573,3864,7924,988,850
2025-08-02T23:53:01.175666,"Get all appointment summaries",1088,1088,-,0,0.1,15,430,799,1744,3693,6030,599,683
2025-08-02T23:53:01.175666,"Get All Form Encounters",860,860,-,0,0.08,12,1033,1810,4057,5746,8128,1360,1251
2025-08-02T23:53:01.175666,"Get Person Attribute Type",3296,3296,-,0,0.29,2,75,231,1008,2168,3803,225,385
2025-08-02T23:53:01.175666,"Get Appointment By Status",4352,4352,-,0,0.38,3,47,318,3199,4671,9571,468,1067
2025-08-02T23:53:01.175666,"Get Ordered Address Hierarchy Levels",3296,3296,-,0,0.29,1,17,31,503,1954,2521,68,196
2025-08-02T23:53:01.175666,"Get All Forms",860,860,-,0,0.08,9,495,1264,3145,5572,9382,930,1177
2025-08-02T23:53:01.175666,"Get all default appointment services",1088,1088,-,0,0.1,2,48,149,1066,2074,4423,200,434
2025-08-02T23:53:01.175666,"Get all visits of the given location with date",1088,1088,-,0,0.1,22,7376,12663,20464,27575,31842,8154,6724
2025-08-02T23:53:01.175666,"Get Orders of admitted patient by Activated Date",5049,5049,-,0,0.44,5,222,618,1881,3038,7608,498,710
2025-08-02T23:53:01.175666,"Get the details of a orderType",1569,1569,-,0,0.14,2,76,279,1119,2410,4282,250,418
2025-08-02T23:53:01.175666,"Get all Lab order details",1569,1569,-,0,0.14,13,379,621,1447,2860,4979,509,543
2025-08-02T23:53:01.175666,"Add a lab order",1569,1569,-,0,0.14,23,913,2076,4665,7543,9934,1433,1592
2025-08-02T23:53:01.175666,"Get Patient Allergy Intolerance",1537,1537,-,0,0.14,2,364,1244,3935,6241,11444,962,1454
2025-08-02T23:53:01.175666,"Get Specific Medication Requests",6148,6148,-,0,0.54,37,1417,3394,8169,11714,22848,2375,2698
2025-08-02T23:53:01.175666,"Get Encounter With Visit and Diagnoses",1537,1537,-,0,0.14,9,213,432,1401,2440,6026,379,536
2025-08-02T23:53:01.175666,"Get All Providers",3618,3618,-,0,0.32,4,217,683,2109,4021,6851,533,801
2025-08-02T23:53:01.175666,"Get patient identification photo",112988,112988,-,0,9.93,4,109,393,1593,6102,9111,311,517
2025-08-02T23:53:01.175666,"Get Person Attributes",1479,1479,-,0,0.13,3,140,321,1030,1756,2599,273,380
2025-08-02T23:53:01.175666,"Get Patient Identifiers",1479,1479,-,0,0.13,5,155,430,1268,2297,3583,337,457
2025-08-02T23:53:01.175666,"Get Relationships of Person",1479,1479,-,0,0.13,4,167,377,1350,1789,3453,326,447
2025-08-02T23:53:01.175666,"Create a patient list",2295,2295,-,0,0.2,11,333,857,2368,3577,5622,631,758
2025-08-02T23:53:01.175666,"Get queue entry number",745,745,-,0,0.07,1,12,26,277,1051,1298,49,135
2025-08-02T23:53:01.175666,"Submit visit queue entry",745,745,-,0,0.07,27,552,1611,3881,6594,9565,1101,1376
2025-08-02T23:53:01.175666,"Save an Allergy",2017,2017,-,0,0.18,14,526,1222,2863,4778,9423,876,985
2025-08-02T23:53:01.175666,"Get Clinical Form by UUID",860,860,-,0,0.08,7,223,482,1530,2482,4107,409,511
2025-08-02T23:53:01.175666,"Get Encounter Roles",860,860,-,0,0.08,2,57,207,933,1445,3759,199,345
2025-08-02T23:53:01.175666,"Get Latest FHIR Encounter",860,860,-,0,0.08,11,370,801,1996,3240,6524,603,691
2025-08-02T23:53:01.175666,"Get Encounter By UUID",860,860,-,0,0.08,13,413,877,2252,3388,6138,670,765
2025-08-02T23:53:01.175666,"Get Order Entry Config",1537,1537,-,0,0.14,21,722,1286,2973,4937,7459,955,978
2025-08-02T23:53:01.175666,"Get ValueSet by UUID",4611,4611,-,0,0.41,14,417,901,2318,5332,7790,684,817
2025-08-02T23:53:01.175666,"Get Medication Request by UUID",4611,4611,-,0,0.41,31,907,2022,4642,6310,11035,1406,1537
2025-08-02T23:53:01.175666,"Get Medication by UUID",1537,1537,-,0,0.14,2,31,102,690,1436,4090,127,294
2025-08-02T23:53:01.175666,"Search Medication by Code",1537,1537,-,0,0.14,5,80,203,969,2435,5593,226,438
2025-08-02T23:53:01.175666,"Get Locations Search Set",933,933,-,0,0.08,5,102,329,1435,3482,5390,329,575
2025-08-02T23:53:01.175666,"Change the session location",933,933,-,0,0.08,4,109,480,1847,3395,5390,390,639
2025-08-02T23:53:01.175666,"Get patient list details",2295,2295,-,0,0.2,5,141,474,1476,2544,4203,359,509
2025-08-02T23:53:01.175666,"Fetch members of patient list",2295,2295,-,0,0.2,3,91,356,1321,2310,5022,308,507
2025-08-02T23:53:01.175666,"Get service concept set",745,745,-,0,0.07,2,49,171,1097,2550,3597,209,415
2025-08-02T23:53:01.175666,"Get Concept",51093,51093,-,0,4.49,5,295,592,1612,2813,7171,477,550
2025-08-02T23:53:01.175666,"Submit new Service queue",745,745,-,0,0.07,10,257,873,2330,4856,8712,653,941
2025-08-02T23:53:01.175666,"Get all active Lab orders",4707,4707,-,0,0.41,5,1745,5007,10734,15026,30470,3172,3702
2025-08-02T23:53:01.175666,"Get Lab Orders by full filler status",14121,14121,-,0,1.24,4,755,4917,26705,36925,54023,5272,9083
2025-08-02T23:53:01.175666,"Edit patient details",1479,1479,-,0,0.13,23,740,1350,2983,5081,7859,997,993
2025-08-02T23:53:01.175666,"Check Appointment Conflicts",544,544,-,0,0.05,7,178,461,1503,2557,3900,382,542
2025-08-02T23:53:01.175666,"Create Appointment",544,544,-,0,0.05,14,325,621,1860,2485,5042,523,634
2025-08-02T23:53:01.175666,"Get patient admission note",7701,7701,-,0,0.68,4,317,757,1934,3826,10447,561,673
2025-08-02T23:53:01.175666,"Submit transition request",745,745,-,0,0.07,36,602,1132,2548,4329,6908,847,917
2025-08-02T23:53:01.175666,"End Visit",6188,6188,-,0,0.54,28,697,1413,3181,4882,9783,1025,1075
2025-08-02T23:53:01.175666,"Generate OMRS Identifier",1817,1817,-,0,0.16,18,531,1007,2234,3403,6206,770,744
2025-08-02T23:53:01.175666,"Send Patient Registration Request",1817,1817,-,0,0.16,40,1007,1892,3890,5581,11609,1356,1243
2025-08-02T23:53:01.175666,"Save a clinical form",860,860,-,0,0.08,26,1649,3389,7028,9743,15082,2340,2269
2025-08-02T23:53:01.175666,"Dispense medication form submission",1537,1537,-,0,0.14,48,1584,3934,8323,11709,16170,2509,2683
2025-08-02T23:53:01.175666,"Update full filler status",3138,3138,-,0,0.28,9,238,486,1562,2680,4921,407,527
2025-08-02T23:53:01.175666,"Submit Appointment StatusChange",1088,1088,-,0,0.1,9,253,622,1930,3349,5113,491,662
2025-08-02T23:53:01.175666,"Get Patient Encounters",860,860,-,0,0.08,94,8168,14784,24125,30515,39117,9657,7828
2025-08-02T23:53:01.175666,"Get Lab Results of Patient",1720,1720,-,0,0.15,2,1723,3959,9287,13809,20209,2816,3106
2025-08-02T23:53:01.175666,"Get Visits With Diagnoses and Notes (new endpoint)",860,860,-,0,0.08,11,515,1160,3051,5501,7897,891,1105
2025-08-02T23:53:01.175666,"Get specific encounter details",1569,1569,-,0,0.14,8,231,522,1434,2749,5329,420,534
2025-08-02T23:53:01.175666,"Get Alkaline concept details",1569,1569,-,0,0.14,3,70,257,1188,2596,5763,262,483
2025-08-02T23:53:01.175666,"Update the specific encounter",1569,1569,-,0,0.14,25,743,1714,4080,6299,13280,1228,1413
2025-08-02T23:53:01.175666,"Update the Lab Order Completion",1569,1569,-,0,0.14,20,710,1609,3389,6132,13612,1125,1288
2025-08-02T23:53:01.175666,"Close medication",1537,1537,-,0,0.14,18,565,1328,3390,5580,9739,988,1231
2025-08-02T23:53:01.175666,"Discontinue the drug order",1537,1537,-,0,0.14,23,766,1679,4002,6480,9196,1192,1350
2025-08-02T23:53:01.175666,"Get Drug Orders except the cancelled and expired",860,860,-,0,0.08,7,1318,2969,6254,9308,13950,1993,2078
2025-08-02T23:53:01.175666,"Get Drug Orders except the discontinued orders",860,860,-,0,0.08,7,1265,2912,6215,9544,13192,1981,2134
2025-08-02T23:53:01.175666,"Get Observation Tree Details",2580,2580,-,0,0.23,6,1365,5504,16726,23554,35146,3960,5500
2025-08-02T23:53:01.175666,"Search for Condition",1720,1720,-,0,0.15,6,167,464,1372,2625,6516,384,542
2025-08-02T23:53:01.175666,"Save Conditions",860,860,-,0,0.08,10,338,839,2084,3210,4857,605,688
2025-08-02T23:53:01.175666,"Get Immunizations of Patient",2580,2580,-,0,0.23,2,228,1701,6022,11424,22029,1346,2349
2025-08-02T23:53:01.175666,"Get all immunizations",860,860,-,0,0.08,9,269,603,1722,2717,3591,486,568
2025-08-02T23:53:01.175666,"Submit Patient immunization",860,860,-,0,0.08,40,2494,5117,9647,13454,17914,3404,3219
2025-08-02T23:53:01.175666,"Get Attachments of Patient",1720,1720,-,0,0.15,6,358,780,1972,3507,6443,585,723
2025-08-02T23:53:01.175666,"Get Allowed File Extensions",860,860,-,0,0.08,2,58,226,1128,2070,3272,229,421
2025-08-02T23:53:01.175666,"Get Programs",1720,1720,-,0,0.15,10,333,635,1623,2774,5875,506,573
2025-08-02T23:53:01.175666,"Add new program to patient",860,860,-,0,0.08,10,550,1248,2727,4608,5940,867,960
2025-08-02T23:53:01.175666,"Complete the program",860,860,-,0,0.08,13,491,1096,2661,4516,7092,820,961
2025-08-02T23:53:01.175666,"Upload Attachment Request",860,858,2,0.23,0.08,499,9315,10826,13554,15616,17397,8427,3777
2025-08-02T23:53:01.175666,"Save Visit Note",860,860,-,0,0.08,19,1008,2209,4944,7639,9047,1553,1655
2025-08-02T23:53:01.175666,"Save Patient Diagnosis",1720,1720,-,0,0.15,8,364,959,2525,4199,5681,713,880
2025-08-01T23:53:41.436662,"Login",13877,13877,-,0,1.22,5,153,523,1589,3416,9587,421,652
2025-08-01T23:53:41.436662,"Get locations",15691,15691,-,0,1.38,31,499,814,2070,3039,8374,653,647
2025-08-01T23:53:41.436662,"Select Location",13877,13877,-,0,1.22,2,82,412,1640,2893,7296,346,601
2025-08-01T23:53:41.436662,"Get Address Template",17185,17185,-,0,1.51,1,30,90,836,3530,5715,136,318
2025-08-01T23:53:41.436662,"Get Relationship Types",17185,17185,-,0,1.51,2,63,187,891,2310,5319,211,404
2025-08-01T23:53:41.436662,"Get Appointments for Specific Date",13877,13877,-,0,1.22,12,463,1014,2619,4199,8320,740,867
2025-08-01T23:53:41.436662,"Get Module Information",18763,18763,-,0,1.65,1,36,109,829,1096,6191,136,298
2025-08-01T23:53:41.436662,"Get Patient Identifier Types",17185,17185,-,0,1.51,3,86,241,1051,2086,5604,234,406
2025-08-01T23:53:41.436662,"Get Primary Identifier Term Mapping",29758,29758,-,0,2.61,3,90,312,1207,3969,8089,286,490
2025-08-01T23:53:41.436662,"Get Identifier Source",31062,31062,-,0,2.72,3,97,329,1198,2703,6927,298,499
2025-08-01T23:53:41.436662,"Get Locations by Tag and Query",19094,19094,-,0,1.67,4,127,412,1415,3970,7943,349,566
2025-08-01T23:53:41.436662,"Get Visits",14430,14430,-,0,1.27,9,5055,9894,17163,21735,32927,6212,5724
2025-08-01T23:53:41.436662,"Get Auto Generation Options",17185,17185,-,0,1.51,7,265,801,2385,3863,12734,608,858
2025-08-01T23:53:41.436662,"Get Queue Entry",16683,16683,-,0,1.46,6,250,1204,4199,9428,21086,997,1754
2025-08-01T23:53:41.436662,"Get Visit Types",6795,6795,-,0,0.6,2,47,169,887,2191,3695,184,351
2025-08-01T23:53:41.436662,"Get Current Visit of Patient",12703,12703,-,0,1.11,47,4726,11726,26778,39740,62066,7981,8954
2025-08-01T23:53:41.436662,"Get Visits of Patient",13563,13563,-,0,1.19,37,2142,4346,8651,12133,21629,2935,2843
2025-08-01T23:53:41.436662,"Get Program Enrollments of Patient",8822,8822,-,0,0.77,4,317,637,1801,2316,6946,482,588
2025-08-01T23:53:41.436662,"Get Visit Queue Entry",13306,13306,-,0,1.17,7,181,421,1356,3244,6745,367,525
2025-08-01T23:53:41.436662,"Get Appointments of a Patient",7102,7102,-,0,0.62,2,46,229,1059,3164,5239,220,421
2025-08-01T23:53:41.436662,"Get Patient Summary Data",14524,14524,-,0,1.27,6,162,340,1317,4920,7829,309,452
2025-08-01T23:53:41.436662,"Get Active Visits of Patient",131406,131406,-,0,11.53,4,100,310,1355,1680,8747,283,475
2025-08-01T23:53:41.436662,"Get isVisitsEnabled",9684,9684,-,0,0.85,2,59,258,1321,4190,6183,245,462
2025-08-01T23:53:41.436662,"Get the status of patient death",122706,122706,-,0,10.76,3,80,214,1147,1321,9304,207,370
2025-08-01T23:53:41.436662,"Get all the constraints on the vital concepts",9684,9684,-,0,0.85,4,102,342,1311,2371,5801,287,472
2025-08-01T23:53:41.436662,"Get Patient Observations",29296,29296,-,0,2.57,1,1289,5485,15011,22319,36160,3719,5107
2025-08-01T23:53:41.436662,"Get Patient Conditions",11042,11042,-,0,0.97,1,991,3677,10032,15950,30149,2577,3569
2025-08-01T23:53:41.436662,"Get Active Orders",9322,9322,-,0,0.82,6,592,1667,5040,8277,20004,1258,1720
2025-08-01T23:53:41.436662,"Get Admission Location Info",1908,1908,-,0,0.17,6,119,378,1606,2514,6319,331,560
2025-08-01T23:53:41.436662,"Get Admission Info",1908,1908,-,0,0.17,26,725,1605,3629,7082,17750,1184,1512
2025-08-01T23:53:41.436662,"Get Inpatient Request",1908,1908,-,0,0.17,14,603,3022,46932,66592,90397,7007,15392
2025-08-01T23:53:41.436662,"Get Patients",2258,2256,2,0.09,0.2,26,18775,46596,63658,71479,89076,24684,23065
2025-08-01T23:53:41.436662,"Submit Visit Form",6242,6242,-,0,0.55,11,356,897,2428,3568,8555,649,820
2025-08-01T23:53:41.436662,"Get Locations That Support Visits",2811,2811,-,0,0.25,5,99,306,1168,3608,6339,273,457
2025-08-01T23:53:41.436662,"Get Beds for Patient",1908,1908,-,0,0.17,4,119,299,1230,1843,4800,266,424
2025-08-01T23:53:41.436662,"Save Ward Encounter",4770,4770,-,0,0.42,13,588,1876,5599,8847,17011,1439,2037
2025-08-01T23:53:41.436662,"Get Order Types",1546,1546,-,0,0.14,2,67,207,1000,1732,5010,212,398
2025-08-01T23:53:41.436662,"Save Vitals",2030,2030,-,0,0.18,83,3652,7565,14567,20001,27442,5016,4731
2025-08-01T23:53:41.436662,"Get Vitals concept reference ranges",1908,1908,-,0,0.17,40,1121,1926,4435,6525,10167,1411,1412
2025-08-01T23:53:41.436662,"Get Specific Visit Details",7786,7786,-,0,0.68,7,252,596,1807,2442,7749,471,630
2025-08-01T23:53:41.436662,"Get Transfer Locations configuration data",1908,1908,-,0,0.17,51,2165,6200,13477,17819,28709,3816,4422
2025-08-01T23:53:41.436662,"Get Transferable locations",1908,1908,-,0,0.17,31,609,935,1921,2954,4892,701,594
2025-08-01T23:53:41.436662,"Search for Drug",3092,3092,-,0,0.27,2,49,218,1416,1655,5095,222,429
2025-08-01T23:53:41.436662,"Save Drug Order",1546,1546,-,0,0.14,37,1391,2885,6274,8956,15701,1995,2118
2025-08-01T23:53:41.436662,"Get Allergies of Patient",2030,2030,-,0,0.18,2,443,1352,4059,6527,9995,995,1365
2025-08-01T23:53:41.436662,"Get Drug Allergens",2030,2030,-,0,0.18,54,1463,1856,2853,3991,6322,1412,864
2025-08-01T23:53:41.436662,"Get Environment Allergens",2030,2030,-,0,0.18,30,832,1158,2102,3343,5722,892,658
2025-08-01T23:53:41.436662,"Get Food Allergens",2030,2030,-,0,0.18,13,328,576,1547,2820,4581,478,529
2025-08-01T23:53:41.436662,"Get Allergic Reactions Allergens",2030,2030,-,0,0.18,15,415,666,1516,2903,5685,533,529
2025-08-01T23:53:41.436662,"Get all patient lists",9188,9188,-,0,0.81,6,897,1446,2643,3827,7882,1005,872
2025-08-01T23:53:41.436662,"Get the details of a orderType",1578,1578,-,0,0.14,2,79,301,1104,2522,5559,259,477
2025-08-01T23:53:41.436662,"Get All Appointment Services(full)",1659,1659,-,0,0.15,3,51,161,1134,1321,4765,186,367
2025-08-01T23:53:41.436662,"Get all Lab order details",1578,1578,-,0,0.14,12,334,550,1402,1926,4439,443,442
2025-08-01T23:53:41.436662,"Get all appointments for a specific day",1106,1106,-,0,0.1,4,36,65,839,1214,2393,119,271
2025-08-01T23:53:41.436662,"Get all appointment summaries",1106,1106,-,0,0.1,13,298,619,1752,3158,6019,517,685
2025-08-01T23:53:41.436662,"Get Person Attribute Type",3308,3308,-,0,0.29,2,76,235,1129,2185,4529,234,405
2025-08-01T23:53:41.436662,"Add a lab order",1578,1578,-,0,0.14,23,934,2182,4514,6334,10088,1435,1529
2025-08-01T23:53:41.436662,"Get Orders of admitted patient by Activated Date",5247,5247,-,0,0.46,5,228,472,1495,3387,9281,417,604
2025-08-01T23:53:41.436662,"Get Appointment By Status",4424,4424,-,0,0.39,4,47,280,1861,2619,8342,314,675
2025-08-01T23:53:41.436662,"Get Ordered Address Hierarchy Levels",3308,3308,-,0,0.29,1,18,33,496,2455,3690,74,209
2025-08-01T23:53:41.436662,"Get all default appointment services",1106,1106,-,0,0.1,2,52,175,915,2648,5602,190,400
2025-08-01T23:53:41.436662,"Get all visits of the given location with date",1106,1106,-,0,0.1,20,6901,13006,20107,25884,33416,8117,6792
2025-08-01T23:53:41.436662,"Get All Form Encounters",860,860,-,0,0.08,15,1080,1858,3402,5493,7133,1325,1142
2025-08-01T23:53:41.436662,"Get All Forms",860,860,-,0,0.08,9,524,1309,3232,4775,9129,931,1097
2025-08-01T23:53:41.436662,"Get medication request encounters",4638,4638,-,0,0.41,80,12204,27141,49622,65994,98951,16865,16729
2025-08-01T23:53:41.436662,"Get patient age",30912,30912,-,0,2.71,3,155,322,1088,2241,6802,288,407
2025-08-01T23:53:41.436662,"Get patient identification photo",114930,114930,-,0,10.08,4,118,351,1174,2739,10295,307,506
2025-08-01T23:53:41.436662,"Get Person Attributes",1492,1492,-,0,0.13,3,137,295,1040,2062,3699,264,385
2025-08-01T23:53:41.436662,"Get Patient Identifiers",1492,1492,-,0,0.13,5,164,398,1189,2160,3721,333,471
2025-08-01T23:53:41.436662,"Get Relationships of Person",1492,1492,-,0,0.13,4,164,384,1312,2633,4446,337,482
2025-08-01T23:53:41.436662,"Create a patient list",2297,2297,-,0,0.2,11,338,814,2100,3806,9942,616,764
2025-08-01T23:53:41.436662,"Get All Providers",3645,3645,-,0,0.32,4,209,718,2592,3649,7048,555,830
2025-08-01T23:53:41.436662,"Get queue entry number",751,751,-,0,0.07,1,12,26,362,1315,2653,64,218
2025-08-01T23:53:41.436662,"Submit visit queue entry",751,751,-,0,0.07,28,597,1524,3889,6382,9222,1116,1393
2025-08-01T23:53:41.436662,"Get Patient Allergy Intolerance",1546,1546,-,0,0.14,1,348,1218,3762,6022,10870,901,1306
2025-08-01T23:53:41.436662,"Get Specific Medication Requests",6184,6184,-,0,0.54,38,1404,3459,8081,12254,24429,2393,2744
2025-08-01T23:53:41.436662,"Get Encounter With Visit and Diagnoses",1546,1546,-,0,0.14,9,201,417,1465,2511,3935,361,496
2025-08-01T23:53:41.436662,"Save an Allergy",2030,2030,-,0,0.18,16,539,1182,2837,4142,7737,870,993
2025-08-01T23:53:41.436662,"Get all active Lab orders",4734,4734,-,0,0.42,5,1767,5157,10780,15286,23094,3188,3691
2025-08-01T23:53:41.436662,"Get Lab Orders by full filler status",14202,14202,-,0,1.25,4,730,4899,26966,37263,53528,5198,8962
2025-08-01T23:53:41.436662,"Get Clinical Form by UUID",860,860,-,0,0.08,8,208,475,1366,2640,4064,384,490
2025-08-01T23:53:41.436662,"Get Encounter Roles",860,860,-,0,0.08,2,55,217,986,1729,6365,219,431
2025-08-01T23:53:41.436662,"Get Latest FHIR Encounter",860,860,-,0,0.08,11,346,813,2259,3699,6016,631,765
2025-08-01T23:53:41.436662,"Get Encounter By UUID",860,860,-,0,0.08,13,404,839,1943,3056,5195,624,669
2025-08-01T23:53:41.436662,"Get Locations Search Set",954,954,-,0,0.08,6,96,339,1314,1908,3311,293,458
2025-08-01T23:53:41.436662,"Change the session location",954,954,-,0,0.08,4,103,490,2070,3444,6539,403,702
2025-08-01T23:53:41.436662,"Get patient list details",2297,2297,-,0,0.2,6,150,446,1514,2474,6257,374,544
2025-08-01T23:53:41.436662,"Fetch members of patient list",2297,2297,-,0,0.2,3,85,343,1344,2408,6562,304,524
2025-08-01T23:53:41.436662,"Get service concept set",751,751,-,0,0.07,2,46,181,1063,2203,4249,211,427
2025-08-01T23:53:41.436662,"Get Concept",52725,52725,-,0,4.62,6,297,594,1613,2589,11235,477,552
2025-08-01T23:53:41.436662,"Submit new Service queue",751,751,-,0,0.07,11,240,825,2923,4604,5785,636,949
2025-08-01T23:53:41.436662,"Get Order Entry Config",1546,1546,-,0,0.14,22,731,1242,2787,4509,6520,932,925
2025-08-01T23:53:41.436662,"Get ValueSet by UUID",4638,4638,-,0,0.41,14,430,902,2504,3562,7897,693,827
2025-08-01T23:53:41.436662,"Get Medication Request by UUID",4638,4638,-,0,0.41,32,908,2167,4465,7238,11815,1416,1550
2025-08-01T23:53:41.436662,"Get Medication by UUID",1546,1546,-,0,0.14,2,32,104,739,1782,2742,145,326
2025-08-01T23:53:41.436662,"Search Medication by Code",1546,1546,-,0,0.14,6,77,182,966,2773,5124,212,402
2025-08-01T23:53:41.436662,"Edit patient details",1492,1492,-,0,0.13,24,763,1364,3049,4634,8342,1015,1018
2025-08-01T23:53:41.436662,"Check Appointment Conflicts",553,553,-,0,0.05,7,187,519,1541,3126,5798,405,599
2025-08-01T23:53:41.436662,"Create Appointment",553,553,-,0,0.05,14,363,622,1511,2222,4224,482,507
2025-08-01T23:53:41.436662,"Get patient admission note",8041,8041,-,0,0.71,5,307,775,1967,3470,6893,574,680
2025-08-01T23:53:41.436662,"Submit transition request",751,751,-,0,0.07,36,599,1136,2782,5024,7214,870,984
2025-08-01T23:53:41.436662,"End Visit",6242,6242,-,0,0.55,27,704,1373,3157,4701,9817,1009,1058
2025-08-01T23:53:41.436662,"Generate OMRS Identifier",1816,1816,-,0,0.16,18,553,1079,2396,3862,7906,811,801
2025-08-01T23:53:41.436662,"Send Patient Registration Request",1816,1816,-,0,0.16,42,993,1908,3769,5753,9525,1350,1235
2025-08-01T23:53:41.436662,"Update full filler status",3156,3156,-,0,0.28,9,253,495,1430,2843,5143,410,529
2025-08-01T23:53:41.436662,"Save a clinical form",860,860,-,0,0.08,28,1700,3465,7074,10471,14351,2389,2406
2025-08-01T23:53:41.436662,"Dispense medication form submission",1546,1546,-,0,0.14,47,1599,3863,8166,11424,18181,2541,2741
2025-08-01T23:53:41.436662,"Submit Appointment StatusChange",1106,1106,-,0,0.1,9,273,607,1755,3725,6321,491,665
2025-08-01T23:53:41.436662,"Get Patient Encounters",860,860,-,0,0.08,106,8133,14393,23878,30771,35008,9454,7637
2025-08-01T23:53:41.436662,"Get Lab Results of Patient",1720,1720,-,0,0.15,14,1663,3950,9656,14584,27911,2873,3369
2025-08-01T23:53:41.436662,"Get specific encounter details",1578,1578,-,0,0.14,8,229,514,1438,2636,6491,416,565
2025-08-01T23:53:41.436662,"Get Alkaline concept details",1578,1578,-,0,0.14,3,69,259,1207,2003,4686,248,465
2025-08-01T23:53:41.436662,"Update the specific encounter",1578,1578,-,0,0.14,25,777,1782,4018,5930,8061,1205,1315
2025-08-01T23:53:41.436662,"Update the Lab Order Completion",1578,1578,-,0,0.14,20,706,1576,3807,5660,10760,1129,1301
2025-08-01T23:53:41.436662,"Get Visits With Diagnoses and Notes (new endpoint)",860,860,-,0,0.08,9,502,1106,3014,4686,7393,840,992
2025-08-01T23:53:41.436662,"Close medication",1546,1546,-,0,0.14,18,543,1231,3161,5257,8571,930,1148
2025-08-01T23:53:41.436662,"Discontinue the drug order",1546,1546,-,0,0.14,24,782,1720,3860,5387,8921,1195,1318
2025-08-01T23:53:41.436662,"Get Drug Orders except the cancelled and expired",860,860,-,0,0.08,7,1205,2733,6079,8993,14218,1893,1985
2025-08-01T23:53:41.436662,"Get Drug Orders except the discontinued orders",860,860,-,0,0.08,7,1257,2715,6203,10735,12851,1917,2127
2025-08-01T23:53:41.436662,"Get Observation Tree Details",2580,2580,-,0,0.23,6,1369,5547,16434,23361,31471,3955,5443
2025-08-01T23:53:41.436662,"Search for Condition",1720,1720,-,0,0.15,6,183,482,1546,2374,4094,400,549
2025-08-01T23:53:41.436662,"Save Conditions",860,860,-,0,0.08,10,346,811,2085,3654,7273,622,802
2025-08-01T23:53:41.436662,"Get Immunizations of Patient",2580,2580,-,0,0.23,2,212,1656,7254,11590,21497,1359,2405
2025-08-01T23:53:41.436662,"Get all immunizations",860,860,-,0,0.08,9,283,586,1648,3301,5225,495,623
2025-08-01T23:53:41.436662,"Submit Patient immunization",860,860,-,0,0.08,41,2434,5263,9882,14179,18811,3410,3291
2025-08-01T23:53:41.436662,"Get Attachments of Patient",1720,1720,-,0,0.15,7,379,781,2254,3895,6616,616,756
2025-08-01T23:53:41.436662,"Get Allowed File Extensions",860,860,-,0,0.08,2,60,213,1056,2332,5216,235,445
2025-08-01T23:53:41.436662,"Get Programs",1720,1720,-,0,0.15,9,321,591,1429,2590,5088,478,526
2025-08-01T23:53:41.436662,"Add new program to patient",860,860,-,0,0.08,12,520,1170,3358,5835,7020,904,1119
2025-08-01T23:53:41.436662,"Complete the program",860,860,-,0,0.08,13,504,1112,2784,4765,9693,830,1003
2025-08-01T23:53:41.436662,"Upload Attachment Request",860,855,5,0.58,0.08,40,9052,10446,12989,15663,19404,8241,3685
2025-08-01T23:53:41.436662,"Save Visit Note",860,860,-,0,0.08,19,1053,2252,4964,7640,12799,1554,1643
2025-08-01T23:53:41.436662,"Save Patient Diagnosis",1720,1720,-,0,0.15,8,372,922,2215,3747,6057,662,801
2025-08-04T21:52:46.106566483,"Login",13281,13281,-,0,1.16,5,145,528,1769,4261,8652,435,687
2025-08-04T21:52:46.106566483,"Get locations",15011,15011,-,0,1.32,31,505,851,1846,3093,9439,691,695
2025-08-04T21:52:46.106566483,"Select Location",13281,13281,-,0,1.16,2,81,462,1391,6359,9105,358,629
2025-08-04T21:52:46.106566483,"Get Address Template",16487,16487,-,0,1.45,1,28,104,925,1139,5569,144,341
2025-08-04T21:52:46.106566483,"Get Relationship Types",16487,16487,-,0,1.45,2,56,204,1011,2151,6141,220,415
2025-08-04T21:52:46.106566483,"Get Appointments for Specific Date",13281,13281,-,0,1.16,13,408,1003,2964,3804,9904,725,914
2025-08-04T21:52:46.106566483,"Get Module Information",17978,17978,-,0,1.58,1,33,114,887,1125,6469,141,327
2025-08-04T21:52:46.106566483,"Get Patient Identifier Types",16487,16487,-,0,1.45,3,86,249,1135,3820,6562,252,441
2025-08-04T21:52:46.106566483,"Get Primary Identifier Term Mapping",28507,28507,-,0,2.5,3,87,327,1223,2715,12726,295,517
2025-08-04T21:52:46.106566483,"Get Identifier Source",29768,29768,-,0,2.61,3,100,367,1399,2712,8289,318,537
2025-08-04T21:52:46.106566483,"Get Locations by Tag and Query",18215,18215,-,0,1.6,4,121,427,1534,4063,8442,370,613
2025-08-04T21:52:46.106566483,"Get Visits",13800,13800,-,0,1.21,13,5513,10773,19046,24881,38505,6807,6286
2025-08-04T21:52:46.106566483,"Get Auto Generation Options",16487,16487,-,0,1.45,7,261,869,2518,4432,10227,637,899
2025-08-04T21:52:46.106566483,"Get Queue Entry",15915,15915,-,0,1.4,6,283,1239,4815,8727,21710,1074,1888
2025-08-04T21:52:46.106566483,"Get Visit Types",6425,6425,-,0,0.56,2,45,173,965,2501,5794,209,438
2025-08-04T21:52:46.106566483,"Get Current Visit of Patient",12066,12066,-,0,1.06,43,4851,12870,28666,40924,63735,8556,9523
2025-08-04T21:52:46.106566483,"Get Visits of Patient",12901,12901,-,0,1.13,33,2289,4626,9032,12478,26212,3113,2932
2025-08-04T21:52:46.106566483,"Get Program Enrollments of Patient",8411,8411,-,0,0.74,4,321,669,1914,2947,7746,526,659
2025-08-04T21:52:46.106566483,"Get Visit Queue Entry",12746,12746,-,0,1.12,8,205,459,1408,3151,7026,394,535
2025-08-04T21:52:46.106566483,"Get Appointments of a Patient",6741,6741,-,0,0.59,2,49,234,1144,4565,7406,230,449
2025-08-04T21:52:46.106566483,"Get Patient Summary Data",13917,13917,-,0,1.22,6,170,360,1215,4410,8660,329,476
2025-08-04T21:52:46.106566483,"Get Active Visits of Patient",123571,123571,-,0,10.84,4,107,333,1457,1791,10555,304,520
2025-08-04T21:52:46.106566483,"Get isVisitsEnabled",9288,9288,-,0,0.81,2,57,288,1366,1886,6713,255,486
2025-08-04T21:52:46.106566483,"Get the status of patient death",115257,115257,-,0,10.11,3,84,222,942,2609,7000,222,400
2025-08-04T21:52:46.106566483,"Get all the constraints on the vital concepts",9288,9288,-,0,0.81,4,97,327,1316,3052,7989,300,509
2025-08-04T21:52:46.106566483,"Get Patient Observations",28216,28216,-,0,2.47,1,1277,5547,15144,22490,38764,3804,5280
2025-08-04T21:52:46.106566483,"Get Patient Conditions",10629,10629,-,0,0.93,1,1024,3923,10914,16713,29447,2692,3738
2025-08-04T21:52:46.106566483,"Get Active Orders",8959,8959,-,0,0.79,6,608,1746,5341,8212,14652,1299,1736
2025-08-04T21:52:46.106566483,"Get Admission Location Info",1790,1790,-,0,0.16,6,116,390,1458,2929,4829,347,559
2025-08-04T21:52:46.106566483,"Get Admission Info",1790,1790,-,0,0.16,25,615,1611,4447,7571,23750,1242,1744
2025-08-04T21:52:46.106566483,"Get Inpatient Request",1790,1790,-,0,0.16,13,605,6978,47913,68941,82659,7838,15993
2025-08-04T21:52:46.106566483,"Get Patients",2119,2118,1,0.05,0.19,17,22212,51598,69030,78259,105673,27604,25237
2025-08-04T21:52:46.106566483,"Submit Visit Form",5906,5906,-,0,0.52,11,380,993,2782,4516,9136,722,956
2025-08-04T21:52:46.106566483,"Get Locations That Support Visits",2638,2638,-,0,0.23,5,100,269,1338,5417,8746,277,511
2025-08-04T21:52:46.106566483,"Get Beds for Patient",1790,1790,-,0,0.16,4,127,325,1332,2201,6593,313,537
2025-08-04T21:52:46.106566483,"Save Ward Encounter",4475,4475,-,0,0.39,13,611,1948,6319,10248,18744,1487,2136
2025-08-04T21:52:46.106566483,"Get Order Types",1461,1461,-,0,0.13,3,65,217,1071,1720,4605,220,390
2025-08-04T21:52:46.106566483,"Save Vitals",1966,1966,-,0,0.17,83,3849,8099,14669,18197,25144,5191,4688
2025-08-04T21:52:46.106566483,"Get Vitals concept reference ranges",1790,1790,-,0,0.16,38,1089,2014,4312,6649,12061,1440,1449
2025-08-04T21:52:46.106566483,"Get Specific Visit Details",7456,7456,-,0,0.65,7,273,671,1917,3029,7490,523,685
2025-08-04T21:52:46.106566483,"Get Transfer Locations configuration data",1790,1790,-,0,0.16,52,2144,6439,13388,17893,22848,3928,4480
2025-08-04T21:52:46.106566483,"Get Transferable locations",1790,1790,-,0,0.16,31,648,941,1970,2965,5460,741,650
2025-08-04T21:52:46.106566483,"Search for Drug",2922,2922,-,0,0.26,2,44,251,1175,2435,6282,235,478
2025-08-04T21:52:46.106566483,"Save Drug Order",1461,1461,-,0,0.13,38,1438,3150,6702,9934,12885,2132,2218
2025-08-04T21:52:46.106566483,"Get Allergies of Patient",1966,1966,-,0,0.17,1,457,1404,4088,7219,13695,1060,1483
2025-08-04T21:52:46.106566483,"Get Drug Allergens",1966,1966,-,0,0.17,54,1470,1869,2842,3974,6788,1431,863
2025-08-04T21:52:46.106566483,"Get Environment Allergens",1966,1966,-,0,0.17,31,824,1162,2147,3600,5164,920,684
2025-08-04T21:52:46.106566483,"Get Food Allergens",1966,1966,-,0,0.17,13,332,622,1547,3255,6222,507,598
2025-08-04T21:52:46.106566483,"Get Allergic Reactions Allergens",1966,1966,-,0,0.17,16,428,725,1684,3041,6604,589,588
2025-08-04T21:52:46.106566483,"Get Person Attribute Type",3206,3206,-,0,0.28,2,74,262,1230,2394,4820,264,476
2025-08-04T21:52:46.106566483,"Get Ordered Address Hierarchy Levels",3206,3206,-,0,0.28,1,17,30,555,1529,3762,84,255
2025-08-04T21:52:46.106566483,"Get All Appointment Services(full)",1557,1557,-,0,0.14,3,49,161,1017,2210,4120,198,407
2025-08-04T21:52:46.106566483,"Get all patient lists",8812,8812,-,0,0.77,7,995,1514,2795,4464,8365,1083,923
2025-08-04T21:52:46.106566483,"Get all appointments for a specific day",1038,1038,-,0,0.09,3,34,63,643,1666,2481,119,255
2025-08-04T21:52:46.106566483,"Get all appointment summaries",1038,1038,-,0,0.09,14,399,800,2133,3304,5282,603,704
2025-08-04T21:52:46.106566483,"Get Appointment By Status",4152,4152,-,0,0.36,3,43,280,2119,4305,9687,366,817
2025-08-04T21:52:46.106566483,"Get Orders of admitted patient by Activated Date",3182,3182,-,0,0.28,5,253,799,2243,4107,10023,588,816
2025-08-04T21:52:46.106566483,"Get the details of a orderType",1491,1491,-,0,0.13,2,72,316,1335,2856,5748,291,538
2025-08-04T21:52:46.106566483,"Get all Lab order details",1491,1491,-,0,0.13,14,363,593,1416,2326,5881,493,527
2025-08-04T21:52:46.106566483,"Get all default appointment services",1038,1038,-,0,0.09,2,47,150,923,1887,4382,180,363
2025-08-04T21:52:46.106566483,"Get all visits of the given location with date",1038,1038,-,0,0.09,26,7441,13074,22829,36631,42840,8714,7736
2025-08-04T21:52:46.106566483,"Add a lab order",1491,1491,-,0,0.13,23,964,2256,5160,8119,10626,1571,1786
2025-08-04T21:52:46.106566483,"Get medication request encounters",4383,4383,-,0,0.38,79,13817,30809,54364,69650,91297,18419,17979
2025-08-04T21:52:46.106566483,"Get All Form Encounters",835,835,-,0,0.07,15,1203,2089,3824,5164,7488,1474,1204
2025-08-04T21:52:46.106566483,"Get All Forms",835,835,-,0,0.07,8,544,1368,3431,5612,9833,990,1242
2025-08-04T21:52:46.106566483,"Get patient age",28945,28945,-,0,2.54,3,170,362,1177,2336,7835,316,439
2025-08-04T21:52:46.106566483,"Get patient identification photo",107759,107759,-,0,9.45,4,116,359,1406,2781,9679,331,554
2025-08-04T21:52:46.106566483,"Get Person Attributes",1438,1438,-,0,0.13,4,155,324,1086,1877,3100,281,385
2025-08-04T21:52:46.106566483,"Get Patient Identifiers",1438,1438,-,0,0.13,5,182,436,1457,3499,9605,379,624
2025-08-04T21:52:46.106566483,"Get Relationships of Person",1438,1438,-,0,0.13,4,176,417,1485,2144,4214,352,486
2025-08-04T21:52:46.106566483,"Create a patient list",2203,2203,-,0,0.19,11,342,897,2317,3727,7302,669,832
2025-08-04T21:52:46.106566483,"Get queue entry number",705,705,-,0,0.06,1,11,24,378,793,2046,54,164
2025-08-04T21:52:46.106566483,"Get All Providers",3441,3441,-,0,0.3,4,194,728,2379,4830,8184,553,850
2025-08-04T21:52:46.106566483,"Submit visit queue entry",705,705,-,0,0.06,29,635,1546,4233,6879,9893,1128,1408
2025-08-04T21:52:46.106566483,"Get Patient Allergy Intolerance",1461,1461,-,0,0.13,2,373,1216,3726,7160,11409,930,1391
2025-08-04T21:52:46.106566483,"Get Specific Medication Requests",5844,5844,-,0,0.51,40,1558,3768,8669,11978,24939,2597,2945
2025-08-04T21:52:46.106566483,"Get Encounter With Visit and Diagnoses",1461,1461,-,0,0.13,10,239,491,1352,3199,4939,399,516
2025-08-04T21:52:46.106566483,"Save an Allergy",1966,1966,-,0,0.17,17,571,1303,2947,5003,9437,913,1029
2025-08-04T21:52:46.106566483,"Get all active Lab orders",4473,4473,-,0,0.39,5,2144,5212,12729,17804,24870,3603,4242
2025-08-04T21:52:46.106566483,"Get Lab Orders by full filler status",13419,13419,-,0,1.18,4,837,5510,29674,39732,59913,5771,9901
2025-08-04T21:52:46.106566483,"Get Clinical Form by UUID",835,835,-,0,0.07,8,212,495,1439,2880,5726,413,580
2025-08-04T21:52:46.106566483,"Get Encounter Roles",835,835,-,0,0.07,2,55,258,1074,2001,3338,244,427
2025-08-04T21:52:46.106566483,"Get Latest FHIR Encounter",835,835,-,0,0.07,12,389,849,2188,4037,6351,658,800
2025-08-04T21:52:46.106566483,"Get Encounter By UUID",835,835,-,0,0.07,11,446,904,2254,4625,7116,711,826
2025-08-04T21:52:46.106566483,"Get Locations Search Set",895,895,-,0,0.08,5,98,347,1530,2268,7014,324,563
2025-08-04T21:52:46.106566483,"Get patient list details",2203,2203,-,0,0.19,6,159,498,1453,2364,4334,378,514
2025-08-04T21:52:46.106566483,"Change the session location",895,895,-,0,0.08,4,101,475,1637,4360,6786,403,714
2025-08-04T21:52:46.106566483,"Fetch members of patient list",2203,2203,-,0,0.19,4,93,394,1324,2379,6558,326,534
2025-08-04T21:52:46.106566483,"Get service concept set",705,705,-,0,0.06,2,46,221,1189,2293,3526,237,452
2025-08-04T21:52:46.106566483,"Get Concept",49587,49587,-,0,4.35,6,299,652,1739,3115,12257,507,608
2025-08-04T21:52:46.106566483,"Submit new Service queue",705,705,-,0,0.06,11,231,832,3390,5317,8033,730,1116
2025-08-04T21:52:46.106566483,"Get Order Entry Config",1461,1461,-,0,0.13,23,739,1285,3039,4792,11204,980,1021
2025-08-04T21:52:46.106566483,"Get ValueSet by UUID",4383,4383,-,0,0.38,15,446,985,2698,4117,9629,730,887
2025-08-04T21:52:46.106566483,"Get Medication Request by UUID",4383,4383,-,0,0.38,34,982,2203,4978,7179,13934,1538,1682
2025-08-04T21:52:46.106566483,"Get Medication by UUID",1461,1461,-,0,0.13,2,31,105,667,2394,3460,142,316
2025-08-04T21:52:46.106566483,"Search Medication by Code",1461,1461,-,0,0.13,6,78,183,943,2008,7055,211,396
2025-08-04T21:52:46.106566483,"Edit patient details",1438,1438,-,0,0.13,24,742,1367,3526,5468,10097,1063,1108
2025-08-04T21:52:46.106566483,"Check Appointment Conflicts",519,519,-,0,0.05,7,188,491,1505,3285,6153,401,589
2025-08-04T21:52:46.106566483,"Create Appointment",519,519,-,0,0.05,14,352,613,1644,3297,4632,514,612
2025-08-04T21:52:46.106566483,"Get patient admission note",8722,8722,-,0,0.76,5,291,759,1949,3807,8416,566,697
2025-08-04T21:52:46.106566483,"Submit transition request",705,705,-,0,0.06,39,679,1338,3086,4526,6171,956,986
2025-08-04T21:52:46.106566483,"End Visit",5906,5906,-,0,0.52,30,783,1500,3455,5061,10725,1111,1137
2025-08-04T21:52:46.106566483,"Generate OMRS Identifier",1768,1768,-,0,0.16,18,531,1087,2538,4188,8041,832,869
2025-08-04T21:52:46.106566483,"Send Patient Registration Request",1768,1768,-,0,0.16,40,1062,1993,4124,6333,9781,1436,1361
2025-08-04T21:52:46.106566483,"Update full filler status",2982,2982,-,0,0.26,10,269,530,1596,3161,5941,442,582
2025-08-04T21:52:46.106566483,"Save a clinical form",835,835,-,0,0.07,27,1743,3604,7316,10634,20283,2472,2577
2025-08-04T21:52:46.106566483,"Dispense medication form submission",1461,1461,-,0,0.13,50,1726,4131,8534,11550,21932,2705,2926
2025-08-04T21:52:46.106566483,"Submit Appointment StatusChange",1038,1038,-,0,0.09,9,273,605,1854,3500,6098,493,668
2025-08-04T21:52:46.106566483,"Get Patient Encounters",835,835,-,0,0.07,163,8234,15576,26371,30703,38699,10084,8177
2025-08-04T21:52:46.106566483,"Get Lab Results of Patient",1670,1670,-,0,0.15,11,1769,4278,10357,15201,26480,3048,3482
2025-08-04T21:52:46.106566483,"Get specific encounter details",1491,1491,-,0,0.13,8,262,605,1824,3431,6694,490,665
2025-08-04T21:52:46.106566483,"Get Alkaline concept details",1491,1491,-,0,0.13,3,69,253,1175,2122,4795,251,454
2025-08-04T21:52:46.106566483,"Update the specific encounter",1491,1491,-,0,0.13,26,806,1905,4315,7268,14159,1351,1613
2025-08-04T21:52:46.106566483,"Update the Lab Order Completion",1491,1491,-,0,0.13,20,770,1665,4091,6240,8964,1192,1333
2025-08-04T21:52:46.106566483,"Get Visits With Diagnoses and Notes (new endpoint)",835,835,-,0,0.07,11,537,1216,3192,4785,7127,904,1029
2025-08-04T21:52:46.106566483,"Close medication",1461,1461,-,0,0.13,19,583,1427,3884,5529,9356,1061,1313
2025-08-04T21:52:46.106566483,"Discontinue the drug order",1461,1461,-,0,0.13,24,796,1762,4102,5926,10672,1249,1393
2025-08-04T21:52:46.106566483,"Get Drug Orders except the cancelled and expired",835,835,-,0,0.07,8,1351,2980,6621,10518,15259,2060,2237
2025-08-04T21:52:46.106566483,"Get Drug Orders except the discontinued orders",835,835,-,0,0.07,7,1340,2794,6426,8966,14251,1985,2070
2025-08-04T21:52:46.106566483,"Get Observation Tree Details",2505,2505,-,0,0.22,6,1426,5825,17173,25171,42346,4209,5900
2025-08-04T21:52:46.106566483,"Search for Condition",1670,1670,-,0,0.15,6,182,531,1593,3179,5097,430,605
2025-08-04T21:52:46.106566483,"Save Conditions",835,835,-,0,0.07,10,365,952,2291,4053,7973,678,835
2025-08-04T21:52:46.106566483,"Get Immunizations of Patient",2505,2505,-,0,0.22,2,231,1757,6669,11467,22317,1376,2416
2025-08-04T21:52:46.106566483,"Get all immunizations",835,835,-,0,0.07,9,276,597,1707,3410,4570,490,622
2025-08-04T21:52:46.106566483,"Submit Patient immunization",835,835,-,0,0.07,41,2705,5549,10801,14215,19400,3611,3444
2025-08-04T21:52:46.106566483,"Get Attachments of Patient",1670,1670,-,0,0.15,6,373,846,2201,3266,6345,630,743
2025-08-04T21:52:46.106566483,"Get Allowed File Extensions",835,835,-,0,0.07,2,51,194,1013,1946,3532,205,377
2025-08-04T21:52:46.106566483,"Get Programs",1670,1670,-,0,0.15,10,315,600,1532,2680,4990,494,562
2025-08-04T21:52:46.106566483,"Add new program to patient",835,835,-,0,0.07,10,548,1203,3244,5098,7595,912,1073
2025-08-04T21:52:46.106566483,"Complete the program",835,835,-,0,0.07,13,518,1178,3016,5260,9538,866,1029
2025-08-04T21:52:46.106566483,"Upload Attachment Request",835,834,1,0.12,0.07,198,9307,10642,13130,16307,20452,8351,3759
2025-08-04T21:52:46.106566483,"Save Visit Note",835,835,-,0,0.07,18,1009,2323,5681,7756,10631,1621,1796
2025-08-04T21:52:46.106566483,"Save Patient Diagnosis",1670,1670,-,0,0.15,8,406,958,2502,4247,6937,712,868
2025-08-13T21:11:36.094059963,"Login",13073,13073,-,0,1.15,5,143,563,1839,5197,8439,446,700
2025-08-13T21:11:36.094059963,"Get locations",14783,14783,-,0,1.3,31,509,872,2031,3872,10668,706,711
2025-08-13T21:11:36.094059963,"Select Location",13073,13073,-,0,1.15,2,89,461,1777,4890,7808,373,648
2025-08-13T21:11:36.094059963,"Get Address Template",16228,16228,-,0,1.42,1,29,96,828,2712,8095,149,364
2025-08-13T21:11:36.094059963,"Get Relationship Types",16228,16228,-,0,1.42,3,60,205,1003,2504,7524,228,441
2025-08-13T21:11:36.094059963,"Get Appointments for Specific Date",13073,13073,-,0,1.15,13,446,1050,2609,4906,14183,772,936
2025-08-13T21:11:36.094059963,"Get Module Information",17685,17685,-,0,1.55,1,33,112,1009,1354,5164,149,334
2025-08-13T21:11:36.094059963,"Get Patient Identifier Types",16228,16228,-,0,1.42,3,88,257,1102,2320,6550,256,434
2025-08-13T21:11:36.094059963,"Get Primary Identifier Term Mapping",28042,28042,-,0,2.46,3,86,325,1181,2771,8915,302,528
2025-08-13T21:11:36.094059963,"Get Identifier Source",29301,29301,-,0,2.57,3,102,353,1238,2878,7661,322,540
2025-08-13T21:11:36.094059963,"Get Locations by Tag and Query",17931,17931,-,0,1.57,4,128,456,1638,3048,7226,382,627
2025-08-13T21:11:36.094059963,"Get Visits",13585,13585,-,0,1.19,10,5652,11052,18848,25052,32937,6903,6236
2025-08-13T21:11:36.094059963,"Get Auto Generation Options",16228,16228,-,0,1.42,7,265,885,2691,5277,10814,659,940
2025-08-13T21:11:36.094059963,"Get Queue Entry",15661,15661,-,0,1.37,6,259,1206,5225,11010,25380,1157,2141
2025-08-13T21:11:36.094059963,"Get Visit Types",6315,6315,-,0,0.55,2,45,197,914,2216,6180,210,416
2025-08-13T21:11:36.094059963,"Get Current Visit of Patient",11816,11816,-,0,1.04,44,5125,13388,29435,42035,74545,8888,9778
2025-08-13T21:11:36.094059963,"Get Visits of Patient",12635,12635,-,0,1.11,42,2418,4808,9427,12899,24022,3246,3060
2025-08-13T21:11:36.094059963,"Get Program Enrollments of Patient",8260,8260,-,0,0.72,4,329,687,1828,3898,6407,535,655
2025-08-13T21:11:36.094059963,"Get Visit Queue Entry",12507,12507,-,0,1.1,8,213,495,1715,2376,7039,415,571
2025-08-13T21:11:36.094059963,"Get Appointments of a Patient",6622,6622,-,0,0.58,2,48,236,1192,2582,5266,240,485
2025-08-13T21:11:36.094059963,"Get Patient Summary Data",13672,13672,-,0,1.2,6,175,378,1252,2684,7101,338,485
2025-08-13T21:11:36.094059963,"Get Active Visits of Patient",121916,121916,-,0,10.69,4,107,341,1536,1978,9924,313,532
2025-08-13T21:11:36.094059963,"Get isVisitsEnabled",9149,9149,-,0,0.8,2,57,263,1140,2614,5470,264,495
2025-08-13T21:11:36.094059963,"Get the status of patient death",113749,113749,-,0,9.97,3,85,223,1049,1735,8760,228,410
2025-08-13T21:11:36.094059963,"Get all the constraints on the vital concepts",9149,9149,-,0,0.8,4,100,327,1323,3423,5633,311,513
2025-08-13T21:11:36.094059963,"Get Patient Observations",27755,27755,-,0,2.43,1,1311,5752,15566,21360,35584,3882,5311
2025-08-13T21:11:36.094059963,"Get Patient Conditions",10437,10437,-,0,0.92,1,1069,3921,10990,17106,29188,2771,3856
2025-08-13T21:11:36.094059963,"Get Active Orders",8799,8799,-,0,0.77,6,634,1869,5097,8597,15591,1339,1769
2025-08-13T21:11:36.094059963,"Get Admission Location Info",1782,1782,-,0,0.16,6,117,413,1558,3338,7585,356,592
2025-08-13T21:11:36.094059963,"Get Admission Info",1782,1782,-,0,0.16,30,735,1799,4378,7294,17763,1321,1718
2025-08-13T21:11:36.094059963,"Get Inpatient Request",1782,1782,-,0,0.16,14,583,4676,45688,69514,87615,7280,15529
2025-08-13T21:11:36.094059963,"Get Patients",2095,2093,2,0.1,0.18,12,21085,52526,69997,78494,94937,27745,25803
2025-08-13T21:11:36.094059963,"Submit Visit Form",5803,5803,-,0,0.51,12,387,971,2652,5410,8757,733,946
2025-08-13T21:11:36.094059963,"Get Locations That Support Visits",2607,2607,-,0,0.23,5,105,314,1253,2675,5834,288,494
2025-08-13T21:11:36.094059963,"Get Beds for Patient",1782,1782,-,0,0.16,4,128,329,1512,2121,6150,299,485
2025-08-13T21:11:36.094059963,"Save Ward Encounter",4455,4455,-,0,0.39,13,627,2054,6242,8887,18782,1552,2195
2025-08-13T21:11:36.094059963,"Get Order Types",1432,1432,-,0,0.13,3,63,219,1079,2894,4897,230,436
2025-08-13T21:11:36.094059963,"Save Vitals",1936,1936,-,0,0.17,85,3979,8297,15146,19359,27265,5364,4863
2025-08-13T21:11:36.094059963,"Get Vitals concept reference ranges",1782,1782,-,0,0.16,41,1167,2178,4645,7003,13469,1563,1582
2025-08-13T21:11:36.094059963,"Get Specific Visit Details",7334,7334,-,0,0.64,7,285,693,2130,3535,8520,549,731
2025-08-13T21:11:36.094059963,"Get Transfer Locations configuration data",1782,1782,-,0,0.16,53,2323,6604,14362,18301,24277,4072,4685
2025-08-13T21:11:36.094059963,"Get Transferable locations",1782,1782,-,0,0.16,32,648,971,2032,3566,5276,754,667
2025-08-13T21:11:36.094059963,"Search for Drug",2864,2864,-,0,0.25,2,46,264,1145,2964,6860,248,513
2025-08-13T21:11:36.094059963,"Save Drug Order",1432,1432,-,0,0.13,40,1440,3256,6881,10173,15985,2176,2302
2025-08-13T21:11:36.094059963,"Get Allergies of Patient",1936,1936,-,0,0.17,1,449,1458,4004,7002,11564,1053,1446
2025-08-13T21:11:36.094059963,"Get Drug Allergens",1936,1936,-,0,0.17,55,1554,1994,3039,4177,6696,1519,894
2025-08-13T21:11:36.094059963,"Get Environment Allergens",1936,1936,-,0,0.17,32,855,1219,2200,3691,6434,950,699
2025-08-13T21:11:36.094059963,"Get Food Allergens",1936,1936,-,0,0.17,13,339,612,1662,2925,6131,528,622
2025-08-13T21:11:36.094059963,"Get Allergic Reactions Allergens",1936,1936,-,0,0.17,16,448,731,1698,2768,5789,597,585
2025-08-13T21:11:36.094059963,"Get medication request encounters",4296,4296,-,0,0.38,85,13659,31632,54750,69706,94894,18822,18366
2025-08-13T21:11:36.094059963,"Get patient age",28601,28601,-,0,2.51,3,168,367,1171,2212,8323,319,443
2025-08-13T21:11:36.094059963,"Get All Appointment Services(full)",1536,1536,-,0,0.13,3,50,162,899,1974,3742,190,371
2025-08-13T21:11:36.094059963,"Get all patient lists",8716,8716,-,0,0.76,7,993,1544,2835,4374,7916,1104,931
2025-08-13T21:11:36.094059963,"Get all appointments for a specific day",1024,1024,-,0,0.09,3,35,81,837,3755,7370,162,440
2025-08-13T21:11:36.094059963,"Get all appointment summaries",1024,1024,-,0,0.09,8,117,399,1645,2768,6135,363,591
2025-08-13T21:11:36.094059963,"Get Appointment By Status",4096,4096,-,0,0.36,2,36,84,914,3171,4242,141,314
2025-08-13T21:11:36.094059963,"Get Person Attribute Type",3155,3155,-,0,0.28,2,74,250,1100,2135,4954,258,469
2025-08-13T21:11:36.094059963,"Get Ordered Address Hierarchy Levels",3155,3155,-,0,0.28,1,17,31,527,1040,5105,78,249
2025-08-13T21:11:36.094059963,"Get Orders of admitted patient by Activated Date",4247,4247,-,0,0.37,5,260,696,2136,3604,7020,547,764
2025-08-13T21:11:36.094059963,"Get all default appointment services",1024,1024,-,0,0.09,3,52,194,1044,1769,6210,211,436
2025-08-13T21:11:36.094059963,"Get all visits of the given location with date",1024,1024,-,0,0.09,29,8071,13251,21978,33897,40270,9018,7381
2025-08-13T21:11:36.094059963,"Get All Form Encounters",819,819,-,0,0.07,14,1259,2064,4157,6470,7764,1531,1341
2025-08-13T21:11:36.094059963,"Get All Forms",819,819,-,0,0.07,9,609,1467,3517,5235,7249,1004,1162
2025-08-13T21:11:36.094059963,"Get the details of a orderType",1457,1457,-,0,0.13,3,74,290,1157,2488,5033,262,473
2025-08-13T21:11:36.094059963,"Get all Lab order details",1457,1457,-,0,0.13,14,381,643,1570,2891,5562,517,537
2025-08-13T21:11:36.094059963,"Add a lab order",1457,1457,-,0,0.13,24,1009,2264,5031,8125,12420,1564,1718
2025-08-13T21:11:36.094059963,"Get Patient Allergy Intolerance",1432,1432,-,0,0.13,2,384,1323,4232,5844,10660,964,1390
2025-08-13T21:11:36.094059963,"Get patient identification photo",106382,106382,-,0,9.33,5,117,362,1328,2597,10335,338,562
2025-08-13T21:11:36.094059963,"Get Specific Medication Requests",5728,5728,-,0,0.5,41,1557,3831,8665,12747,20080,2606,2861
2025-08-13T21:11:36.094059963,"Get Person Attributes",1418,1418,-,0,0.12,3,149,348,1144,2804,7672,300,475
2025-08-13T21:11:36.094059963,"Get Patient Identifiers",1418,1418,-,0,0.12,5,184,436,1432,2793,5142,374,528
2025-08-13T21:11:36.094059963,"Get Relationships of Person",1418,1418,-,0,0.12,4,178,444,1322,2596,4168,366,526
2025-08-13T21:11:36.094059963,"Get Encounter With Visit and Diagnoses",1432,1432,-,0,0.13,10,232,462,1537,2346,6202,410,565
2025-08-13T21:11:36.094059963,"Get All Providers",3376,3376,-,0,0.3,4,215,806,2478,4369,7898,591,901
2025-08-13T21:11:36.094059963,"Create a patient list",2179,2179,-,0,0.19,11,365,926,2223,3715,5398,664,770
2025-08-13T21:11:36.094059963,"Get queue entry number",692,692,-,0,0.06,1,11,23,360,2358,3265,60,206
2025-08-13T21:11:36.094059963,"Submit visit queue entry",692,692,-,0,0.06,29,616,1562,4363,7084,11132,1204,1536
2025-08-13T21:11:36.094059963,"Save an Allergy",1936,1936,-,0,0.17,16,575,1287,3082,4941,12594,934,1051
2025-08-13T21:11:36.094059963,"Get Clinical Form by UUID",819,819,-,0,0.07,8,213,489,1442,2720,4029,409,539
2025-08-13T21:11:36.094059963,"Get Encounter Roles",819,819,-,0,0.07,2,57,233,1001,2419,4046,236,460
2025-08-13T21:11:36.094059963,"Get Latest FHIR Encounter",819,819,-,0,0.07,13,381,812,2067,3278,4728,616,685
2025-08-13T21:11:36.094059963,"Get Encounter By UUID",819,819,-,0,0.07,11,430,897,2085,4134,6017,690,785
2025-08-13T21:11:36.094059963,"Get Locations Search Set",891,891,-,0,0.08,6,105,340,1525,2823,4140,334,581
2025-08-13T21:11:36.094059963,"Change the session location",891,891,-,0,0.08,4,100,475,2013,3277,6212,416,713
2025-08-13T21:11:36.094059963,"Get Order Entry Config",1432,1432,-,0,0.13,22,746,1369,2933,5014,9108,995,987
2025-08-13T21:11:36.094059963,"Get ValueSet by UUID",4296,4296,-,0,0.38,16,438,936,2543,4104,11981,735,893
2025-08-13T21:11:36.094059963,"Get patient list details",2179,2179,-,0,0.19,6,150,513,1576,2346,6370,401,581
2025-08-13T21:11:36.094059963,"Get Medication Request by UUID",4296,4296,-,0,0.38,35,1002,2344,4881,7525,14797,1578,1711
2025-08-13T21:11:36.094059963,"Fetch members of patient list",2179,2179,-,0,0.19,4,90,397,1344,2734,5141,335,547
2025-08-13T21:11:36.094059963,"Get service concept set",692,692,-,0,0.06,3,44,182,1061,1735,5309,209,434
2025-08-13T21:11:36.094059963,"Get Medication by UUID",1432,1432,-,0,0.13,2,34,114,716,2193,5525,155,399
2025-08-13T21:11:36.094059963,"Get Concept",49204,49204,-,0,4.31,6,306,606,1598,2696,9440,500,591
2025-08-13T21:11:36.094059963,"Submit new Service queue",692,692,-,0,0.06,10,246,1007,2887,4632,10633,761,1181
2025-08-13T21:11:36.094059963,"Search Medication by Code",1432,1432,-,0,0.13,6,85,212,1023,2305,4392,232,417
2025-08-13T21:11:36.094059963,"Get all active Lab orders",4371,4371,-,0,0.38,20,2434,6285,13569,19969,32516,4077,4512
2025-08-13T21:11:36.094059963,"Get Lab Orders by full filler status",13113,13113,-,0,1.15,4,880,5467,32398,41974,56038,5885,10077
2025-08-13T21:11:36.094059963,"Edit patient details",1418,1418,-,0,0.12,25,788,1492,3261,5085,8351,1097,1087
2025-08-13T21:11:36.094059963,"Check Appointment Conflicts",512,512,-,0,0.04,8,193,507,1679,2920,4013,426,600
2025-08-13T21:11:36.094059963,"Create Appointment",512,512,-,0,0.04,16,368,633,1696,3019,3952,509,570
2025-08-13T21:11:36.094059963,"Get patient admission note",7630,7630,-,0,0.67,5,302,792,2093,3700,7554,600,749
2025-08-13T21:11:36.094059963,"Submit transition request",692,692,-,0,0.06,39,651,1271,3086,5076,6831,953,1019
2025-08-13T21:11:36.094059963,"End Visit",5803,5803,-,0,0.51,31,813,1544,3508,5754,9825,1135,1147
2025-08-13T21:11:36.094059963,"Generate OMRS Identifier",1737,1737,-,0,0.15,18,526,1078,2748,4634,8257,854,924
2025-08-13T21:11:36.094059963,"Send Patient Registration Request",1737,1737,-,0,0.15,42,1044,2011,4325,5962,10065,1460,1368
2025-08-13T21:11:36.094059963,"Save a clinical form",819,819,-,0,0.07,28,1665,3835,7635,10256,15687,2515,2485
2025-08-13T21:11:36.094059963,"Dispense medication form submission",1432,1432,-,0,0.13,50,1796,4371,9067,13797,18453,2838,3004
2025-08-13T21:11:36.094059963,"Update full filler status",2914,2914,-,0,0.26,10,273,556,1608,2622,5450,448,556
2025-08-13T21:11:36.094059963,"Submit Appointment StatusChange",1024,1024,-,0,0.09,9,288,674,1866,3762,7107,528,695
2025-08-13T21:11:36.094059963,"Get Patient Encounters",819,819,-,0,0.07,73,8718,16321,26069,32561,44629,10475,8360
2025-08-13T21:11:36.094059963,"Get Lab Results of Patient",1638,1638,-,0,0.14,2,1776,4158,9325,14647,20480,2898,3169
2025-08-13T21:11:36.094059963,"Get Visits With Diagnoses and Notes (new endpoint)",819,819,-,0,0.07,15,540,1282,3069,4788,7446,937,1056
2025-08-13T21:11:36.094059963,"Get specific encounter details",1457,1457,-,0,0.13,9,269,641,1621,3313,5519,487,622
2025-08-13T21:11:36.094059963,"Get Alkaline concept details",1457,1457,-,0,0.13,3,72,296,1186,2696,5051,277,506
2025-08-13T21:11:36.094059963,"Update the specific encounter",1457,1457,-,0,0.13,27,894,1985,4581,7864,13377,1410,1613
2025-08-13T21:11:36.094059963,"Update the Lab Order Completion",1457,1457,-,0,0.13,22,792,1696,3999,6585,8800,1233,1376
2025-08-13T21:11:36.094059963,"Close medication",1432,1432,-,0,0.13,20,609,1464,3773,5867,10079,1052,1245
2025-08-13T21:11:36.094059963,"Discontinue the drug order",1432,1432,-,0,0.13,24,844,1811,4085,6687,11952,1270,1394
2025-08-13T21:11:36.094059963,"Get Drug Orders except the cancelled and expired",819,819,-,0,0.07,8,1336,2798,6741,9458,14286,2024,2158
2025-08-13T21:11:36.094059963,"Get Drug Orders except the discontinued orders",819,819,-,0,0.07,7,1351,2914,6637,9854,17273,2060,2254
2025-08-13T21:11:36.094059963,"Get Observation Tree Details",2457,2457,-,0,0.22,6,1466,5741,17222,25341,37052,4197,5802
2025-08-13T21:11:36.094059963,"Search for Condition",1638,1638,-,0,0.14,7,184,531,1608,3125,6262,426,589
2025-08-13T21:11:36.094059963,"Save Conditions",819,819,-,0,0.07,11,377,905,2399,3911,5465,675,796
2025-08-13T21:11:36.094059963,"Get Immunizations of Patient",2457,2457,-,0,0.22,2,232,1797,7245,12937,26398,1498,2660
2025-08-13T21:11:36.094059963,"Get all immunizations",819,819,-,0,0.07,9,292,669,1966,3244,5268,545,680
2025-08-13T21:11:36.094059963,"Submit Patient immunization",819,819,-,0,0.07,42,2812,6140,11057,14376,18462,3897,3639
2025-08-13T21:11:36.094059963,"Get Attachments of Patient",1638,1638,-,0,0.14,8,392,880,2089,4306,6802,669,824
2025-08-13T21:11:36.094059963,"Get Allowed File Extensions",819,819,-,0,0.07,2,53,231,1093,1939,3552,222,387
2025-08-13T21:11:36.094059963,"Get Programs",1638,1638,-,0,0.14,10,346,658,1773,2758,4676,529,586
2025-08-13T21:11:36.094059963,"Add new program to patient",819,819,-,0,0.07,12,550,1228,3539,5768,8951,956,1197
2025-08-13T21:11:36.094059963,"Complete the program",819,819,-,0,0.07,14,553,1224,3556,5871,6906,957,1159
2025-08-13T21:11:36.094059963,"Upload Attachment Request",819,814,5,0.61,0.07,130,9257,10840,13478,15516,18593,8486,3695
2025-08-13T21:11:36.094059963,"Save Visit Note",819,819,-,0,0.07,20,1141,2446,4864,7618,16191,1657,1770
2025-08-13T21:11:36.094059963,"Save Patient Diagnosis",1638,1638,-,0,0.14,9,409,969,2490,3740,7522,726,884
2025-08-15T10:28:37.204135669,"Login",12944,12944,-,0,1.13,5,150,573,1811,3849,8532,463,728
2025-08-15T10:28:37.204135669,"Get locations",14638,14638,-,0,1.28,32,525,870,2161,3584,8632,725,730
2025-08-15T10:28:37.204135669,"Select Location",12944,12944,-,0,1.13,3,87,458,1825,4683,7380,380,667
2025-08-15T10:28:37.204135669,"Get Address Template",16068,16068,-,0,1.41,1,30,102,1047,4291,6489,155,367
2025-08-15T10:28:37.204135669,"Get Relationship Types",16068,16068,-,0,1.41,2,62,209,994,2465,6777,234,452
2025-08-15T10:28:37.204135669,"Get Appointments for Specific Date",12944,12944,-,0,1.13,13,458,1013,2741,3798,9456,769,936
2025-08-15T10:28:37.204135669,"Get Module Information",17519,17519,-,0,1.53,1,36,111,952,1180,5171,147,320
2025-08-15T10:28:37.204135669,"Get Patient Identifier Types",16068,16068,-,0,1.41,3,90,247,1104,2421,7826,261,458
2025-08-15T10:28:37.204135669,"Get Primary Identifier Term Mapping",27763,27763,-,0,2.43,3,91,355,1442,2461,8040,313,542
2025-08-15T10:28:37.204135669,"Get Identifier Source",29012,29012,-,0,2.54,3,105,378,1511,2844,10329,340,577
2025-08-15T10:28:37.204135669,"Get Locations by Tag and Query",17736,17736,-,0,1.55,4,133,479,1928,7478,10886,391,635
2025-08-15T10:28:37.204135669,"Get Visits",13447,13447,-,0,1.18,11,5782,11076,18877,24086,36308,6942,6214
2025-08-15T10:28:37.204135669,"Get Auto Generation Options",16068,16068,-,0,1.41,7,259,908,2512,4972,13528,687,989
2025-08-15T10:28:37.204135669,"Get Queue Entry",15475,15475,-,0,1.35,6,304,1393,5047,9089,20167,1111,1839
2025-08-15T10:28:37.204135669,"Get Visit Types",6243,6243,-,0,0.55,2,48,180,1570,1687,6700,210,433
2025-08-15T10:28:37.204135669,"Get Current Visit of Patient",11737,11737,-,0,1.03,34,5188,13577,29512,42897,68104,9039,9896
2025-08-15T10:28:37.204135669,"Get Visits of Patient",12557,12557,-,0,1.1,38,2449,4842,9129,13187,24733,3259,3009
2025-08-15T10:28:37.204135669,"Get Program Enrollments of Patient",8200,8200,-,0,0.72,4,342,709,1994,3155,7267,546,662
2025-08-15T10:28:37.204135669,"Get Visit Queue Entry",12416,12416,-,0,1.09,8,222,499,1645,3132,7582,433,599
2025-08-15T10:28:37.204135669,"Get Appointments of a Patient",6560,6560,-,0,0.57,2,49,257,1071,2512,6970,243,476
2025-08-15T10:28:37.204135669,"Get Patient Summary Data",13545,13545,-,0,1.19,7,180,370,1244,2896,7721,341,482
2025-08-15T10:28:37.204135669,"Get Active Visits of Patient",119679,119679,-,0,10.47,4,113,397,1661,7781,10453,320,537
2025-08-15T10:28:37.204135669,"Get isVisitsEnabled",9061,9061,-,0,0.79,2,59,298,1359,2451,6521,270,505
2025-08-15T10:28:37.204135669,"Get the status of patient death",111545,111545,-,0,9.76,3,89,215,1127,1623,8232,234,414
2025-08-15T10:28:37.204135669,"Get all the constraints on the vital concepts",9061,9061,-,0,0.79,4,104,335,1391,3125,7360,320,537
2025-08-15T10:28:37.204135669,"Get Patient Observations",27523,27523,-,0,2.41,1,1422,5747,16017,24609,41491,3987,5475
2025-08-15T10:28:37.204135669,"Get Patient Conditions",10369,10369,-,0,0.91,1,1131,3924,11125,17361,35710,2808,3885
2025-08-15T10:28:37.204135669,"Get Active Orders",8729,8729,-,0,0.76,7,671,1814,5112,8660,16629,1348,1775
2025-08-15T10:28:37.204135669,"Get Admission Location Info",1748,1748,-,0,0.15,6,125,390,1668,4186,5713,379,634
2025-08-15T10:28:37.204135669,"Get Admission Info",1748,1748,-,0,0.15,27,667,1696,4250,8178,18993,1314,1752
2025-08-15T10:28:37.204135669,"Get Inpatient Request",1748,1748,-,0,0.15,14,695,7337,46786,73347,89665,7958,15942
2025-08-15T10:28:37.204135669,"Get Patients",2053,2051,2,0.1,0.18,14,24141,53572,71763,80537,97501,28649,25738
2025-08-15T10:28:37.204135669,"Submit Visit Form",5740,5740,-,0,0.5,12,392,1015,2821,3838,10409,720,908
2025-08-15T10:28:37.204135669,"Get Locations That Support Visits",2556,2556,-,0,0.22,5,107,271,1266,2465,6428,281,486
2025-08-15T10:28:37.204135669,"Get Beds for Patient",1748,1748,-,0,0.15,4,133,332,1276,2331,5468,300,487
2025-08-15T10:28:37.204135669,"Save Ward Encounter",4370,4370,-,0,0.38,14,668,2031,6666,11824,19513,1612,2352
2025-08-15T10:28:37.204135669,"Get Order Types",1416,1416,-,0,0.12,3,65,170,1034,2090,3794,210,398
2025-08-15T10:28:37.204135669,"Save Vitals",1918,1918,-,0,0.17,83,4058,8408,14769,19867,32712,5449,4857
2025-08-15T10:28:37.204135669,"Get Vitals concept reference ranges",1748,1748,-,0,0.15,40,1197,2184,4491,6444,9359,1577,1494
2025-08-15T10:28:37.204135669,"Get Specific Visit Details",7299,7299,-,0,0.64,7,295,709,2025,3364,8383,560,736
2025-08-15T10:28:37.204135669,"Get Transfer Locations configuration data",1748,1748,-,0,0.15,53,2557,6412,14533,19225,26244,4194,4751
2025-08-15T10:28:37.204135669,"Get Transferable locations",1748,1748,-,0,0.15,32,681,1009,2064,3034,5605,785,676
2025-08-15T10:28:37.204135669,"Search for Drug",2832,2832,-,0,0.25,2,47,210,1128,2978,6180,244,499
2025-08-15T10:28:37.204135669,"Save Drug Order",1416,1416,-,0,0.12,39,1524,3214,6408,9465,16624,2141,2111
2025-08-15T10:28:37.204135669,"Get Allergies of Patient",1918,1918,-,0,0.17,2,472,1492,4218,6989,13702,1087,1518
2025-08-15T10:28:37.204135669,"Get Drug Allergens",1918,1918,-,0,0.17,57,1525,1966,2942,4247,9171,1494,891
2025-08-15T10:28:37.204135669,"Get Environment Allergens",1918,1918,-,0,0.17,32,876,1217,2296,3346,4935,960,683
2025-08-15T10:28:37.204135669,"Get Food Allergens",1918,1918,-,0,0.17,13,345,655,1702,2700,5722,539,599
2025-08-15T10:28:37.204135669,"Get Allergic Reactions Allergens",1918,1918,-,0,0.17,16,445,718,1762,3463,8827,607,641
2025-08-15T10:28:37.204135669,"Get medication request encounters",4248,4248,-,0,0.37,72,14035,31452,56624,76625,103882,19155,18808
2025-08-15T10:28:37.204135669,"Get patient age",28360,28360,-,0,2.48,4,170,356,1291,2081,7281,321,444
2025-08-15T10:28:37.204135669,"Get All Appointment Services(full)",1509,1509,-,0,0.13,2,53,183,886,2695,4103,192,369
2025-08-15T10:28:37.204135669,"Get all appointments for a specific day",1006,1006,-,0,0.09,4,37,75,852,2131,4049,153,382
2025-08-15T10:28:37.204135669,"Get all appointment summaries",1006,1006,-,0,0.09,16,349,732,1904,3602,6199,563,680
2025-08-15T10:28:37.204135669,"Get all patient lists",8648,8648,-,0,0.76,7,1016,1569,2901,4147,10116,1127,949
2025-08-15T10:28:37.204135669,"Get Person Attribute Type",3124,3124,-,0,0.27,2,76,262,1206,2075,6583,260,476
2025-08-15T10:28:37.204135669,"Get Ordered Address Hierarchy Levels",3124,3124,-,0,0.27,1,18,34,621,2154,2636,82,222
2025-08-15T10:28:37.204135669,"Get Appointment By Status",4024,4024,-,0,0.35,4,47,274,2059,2810,9981,321,725
2025-08-15T10:28:37.204135669,"Get the details of a orderType",1451,1451,-,0,0.13,3,74,287,1177,2251,4890,277,500
2025-08-15T10:28:37.204135669,"Get all default appointment services",1006,1006,-,0,0.09,2,53,166,1147,2358,4617,207,443
2025-08-15T10:28:37.204135669,"Get all Lab order details",1451,1451,-,0,0.13,14,376,641,1605,2592,6070,533,585
2025-08-15T10:28:37.204135669,"Get Orders of admitted patient by Activated Date",3091,3091,-,0,0.27,6,338,904,2591,3654,7396,669,866
2025-08-15T10:28:37.204135669,"Get all visits of the given location with date",1006,1006,-,0,0.09,42,7546,13734,22231,32121,38607,8964,7483
2025-08-15T10:28:37.204135669,"Add a lab order",1451,1451,-,0,0.13,24,1035,2340,5188,8472,12917,1613,1789
2025-08-15T10:28:37.204135669,"Get patient identification photo",104232,104232,-,0,9.12,4,123,371,1441,2993,10620,347,574
2025-08-15T10:28:37.204135669,"Get Person Attributes",1401,1401,-,0,0.12,4,154,343,1050,2393,5814,297,446
2025-08-15T10:28:37.204135669,"Get Patient Identifiers",1401,1401,-,0,0.12,5,206,479,1436,2922,7040,395,560
2025-08-15T10:28:37.204135669,"Get Relationships of Person",1401,1401,-,0,0.12,5,182,431,1325,2272,4166,380,540
2025-08-15T10:28:37.204135669,"Get Patient Allergy Intolerance",1416,1416,-,0,0.12,1,405,1312,4123,6707,11714,1003,1515
2025-08-15T10:28:37.204135669,"Get Specific Medication Requests",5664,5664,-,0,0.5,41,1628,3856,8902,13053,28133,2687,3021
2025-08-15T10:28:37.204135669,"Get Encounter With Visit and Diagnoses",1416,1416,-,0,0.12,10,233,499,1590,3808,7326,418,590
2025-08-15T10:28:37.204135669,"Get All Providers",3335,3335,-,0,0.29,4,224,770,2493,6369,9079,602,924
2025-08-15T10:28:37.204135669,"Create a patient list",2162,2162,-,0,0.19,12,367,973,2592,4204,10610,728,905
2025-08-15T10:28:37.204135669,"Get queue entry number",676,676,-,0,0.06,1,12,26,462,1216,2081,70,222
2025-08-15T10:28:37.204135669,"Submit visit queue entry",676,676,-,0,0.06,32,674,1697,4342,7564,12054,1225,1545
2025-08-15T10:28:37.204135669,"Get All Form Encounters",820,820,-,0,0.07,17,1222,2105,4223,6541,9891,1558,1366
2025-08-15T10:28:37.204135669,"Get All Forms",820,820,-,0,0.07,10,575,1453,3643,5496,8113,1032,1240
2025-08-15T10:28:37.204135669,"Save an Allergy",1918,1918,-,0,0.17,15,574,1290,3425,5530,8444,976,1133
2025-08-15T10:28:37.204135669,"Get all active Lab orders",4353,4353,-,0,0.38,7,2190,5873,13009,16396,31481,3702,4259
2025-08-15T10:28:37.204135669,"Get Lab Orders by full filler status",13059,13059,-,0,1.14,5,901,6012,29853,41775,66771,5984,10138
2025-08-15T10:28:37.204135669,"Get Locations Search Set",874,874,-,0,0.08,6,108,340,1653,3130,5346,339,592
2025-08-15T10:28:37.204135669,"Change the session location",874,874,-,0,0.08,5,109,465,1927,3651,11212,430,807
2025-08-15T10:28:37.204135669,"Get Order Entry Config",1416,1416,-,0,0.12,24,771,1389,3172,5529,7946,1071,1120
2025-08-15T10:28:37.204135669,"Get ValueSet by UUID",4248,4248,-,0,0.37,16,443,959,2634,4037,8721,742,882
2025-08-15T10:28:37.204135669,"Get Medication Request by UUID",4248,4248,-,0,0.37,35,1044,2257,5231,7931,17148,1630,1786
2025-08-15T10:28:37.204135669,"Get Medication by UUID",1416,1416,-,0,0.12,2,35,110,918,1388,5741,152,367
2025-08-15T10:28:37.204135669,"Get patient list details",2162,2162,-,0,0.19,6,157,506,1569,2742,8285,411,614
2025-08-15T10:28:37.204135669,"Search Medication by Code",1416,1416,-,0,0.12,6,84,201,1287,1999,4629,242,455
2025-08-15T10:28:37.204135669,"Fetch members of patient list",2162,2162,-,0,0.19,4,101,401,1463,2399,5885,349,571
2025-08-15T10:28:37.204135669,"Get service concept set",676,676,-,0,0.06,3,48,184,1253,2272,4775,222,468
2025-08-15T10:28:37.204135669,"Get Concept",47834,47834,-,0,4.19,7,309,655,1666,3229,10945,515,602
2025-08-15T10:28:37.204135669,"Submit new Service queue",676,676,-,0,0.06,11,248,1019,3471,5843,7233,782,1190
2025-08-15T10:28:37.204135669,"Edit patient details",1401,1401,-,0,0.12,26,777,1415,3232,5326,7759,1073,1046
2025-08-15T10:28:37.204135669,"Check Appointment Conflicts",503,503,-,0,0.04,7,187,551,1627,2613,3743,432,569
2025-08-15T10:28:37.204135669,"Create Appointment",503,503,-,0,0.04,15,378,654,1705,3304,4165,536,615
2025-08-15T10:28:37.204135669,"Get Clinical Form by UUID",820,820,-,0,0.07,9,229,565,1559,2894,4888,442,561
2025-08-15T10:28:37.204135669,"Get Encounter Roles",820,820,-,0,0.07,2,58,234,1376,2227,3852,259,474
2025-08-15T10:28:37.204135669,"Get Latest FHIR Encounter",820,820,-,0,0.07,13,409,926,2560,4160,6494,725,855
2025-08-15T10:28:37.204135669,"Get Encounter By UUID",820,820,-,0,0.07,11,434,961,2492,3786,12531,746,894
2025-08-15T10:28:37.204135669,"Get patient admission note",8489,8489,-,0,0.74,5,287,737,1963,3573,7639,565,702
2025-08-15T10:28:37.204135669,"Submit transition request",676,676,-,0,0.06,40,700,1287,3243,5841,8452,1015,1127
2025-08-15T10:28:37.204135669,"End Visit",5740,5740,-,0,0.5,34,824,1575,3687,6314,14309,1192,1252
2025-08-15T10:28:37.204135669,"Generate OMRS Identifier",1723,1723,-,0,0.15,19,546,1112,2807,4195,5818,863,872
2025-08-15T10:28:37.204135669,"Send Patient Registration Request",1723,1723,-,0,0.15,43,1076,2044,4712,6892,11014,1525,1483
2025-08-15T10:28:37.204135669,"Update full filler status",2902,2902,-,0,0.25,10,274,548,1475,3767,6044,448,568
2025-08-15T10:28:37.204135669,"Dispense medication form submission",1416,1416,-,0,0.12,52,1888,4408,9504,12562,17645,2923,3058
2025-08-15T10:28:37.204135669,"Submit Appointment StatusChange",1006,1006,-,0,0.09,10,280,696,1999,3274,5312,543,715
2025-08-15T10:28:37.204135669,"Save a clinical form",820,820,-,0,0.07,30,1832,3688,7331,10689,13253,2506,2396
2025-08-15T10:28:37.204135669,"Get specific encounter details",1451,1451,-,0,0.13,9,258,605,1677,2686,7214,491,666
2025-08-15T10:28:37.204135669,"Get Alkaline concept details",1451,1451,-,0,0.13,3,74,289,1430,2495,5779,288,553
2025-08-15T10:28:37.204135669,"Update the specific encounter",1451,1451,-,0,0.13,26,878,1916,4599,6740,10073,1390,1567
2025-08-15T10:28:37.204135669,"Update the Lab Order Completion",1451,1451,-,0,0.13,22,807,1819,4307,6931,9809,1301,1506
2025-08-15T10:28:37.204135669,"Get Patient Encounters",820,820,-,0,0.07,156,8726,16022,26205,32451,47760,10516,8306
2025-08-15T10:28:37.204135669,"Get Lab Results of Patient",1640,1640,-,0,0.14,3,1878,4227,9655,13620,25795,2982,3235
2025-08-15T10:28:37.204135669,"Close medication",1416,1416,-,0,0.12,19,647,1449,3963,5848,9417,1079,1274
2025-08-15T10:28:37.204135669,"Discontinue the drug order",1416,1416,-,0,0.12,26,814,1824,4180,6798,11918,1285,1430
2025-08-15T10:28:37.204135669,"Get Visits With Diagnoses and Notes (new endpoint)",820,820,-,0,0.07,15,534,1326,3017,6381,10337,950,1144
2025-08-15T10:28:37.204135669,"Get Drug Orders except the cancelled and expired",820,820,-,0,0.07,9,1381,2916,5719,8231,13533,1980,1926
2025-08-15T10:28:37.204135669,"Get Drug Orders except the discontinued orders",820,820,-,0,0.07,7,1456,3004,6485,8923,15797,2051,2064
2025-08-15T10:28:37.204135669,"Get Observation Tree Details",2460,2460,-,0,0.22,7,1546,6175,17138,26954,44244,4368,6009
2025-08-15T10:28:37.204135669,"Search for Condition",1640,1640,-,0,0.14,7,189,515,1716,3009,3999,434,594
2025-08-15T10:28:37.204135669,"Save Conditions",820,820,-,0,0.07,10,371,933,2399,3880,5937,690,833
2025-08-15T10:28:37.204135669,"Get Immunizations of Patient",2460,2460,-,0,0.22,2,254,1708,7018,12956,21630,1465,2564
2025-08-15T10:28:37.204135669,"Get all immunizations",820,820,-,0,0.07,8,274,648,2020,3561,7843,553,785
2025-08-15T10:28:37.204135669,"Submit Patient immunization",820,820,-,0,0.07,42,2842,5769,11085,14231,18525,3817,3511
2025-08-15T10:28:37.204135669,"Get Attachments of Patient",1640,1640,-,0,0.14,8,409,887,2272,3797,6761,673,805
2025-08-15T10:28:37.204135669,"Get Allowed File Extensions",820,820,-,0,0.07,2,55,271,1148,1868,3688,236,416
2025-08-15T10:28:37.204135669,"Get Programs",1640,1640,-,0,0.14,10,326,618,1566,2806,4411,500,543
2025-08-15T10:28:37.204135669,"Add new program to patient",820,820,-,0,0.07,11,573,1402,3237,5321,9305,1002,1180
2025-08-15T10:28:37.204135669,"Complete the program",820,820,-,0,0.07,15,524,1240,2977,4900,6951,900,1033
2025-08-15T10:28:37.204135669,"Upload Attachment Request",820,817,3,0.37,0.07,506,9615,11035,13376,16222,19257,8739,3744
2025-08-15T10:28:37.204135669,"Save Visit Note",820,820,-,0,0.07,21,1090,2397,5372,8485,11553,1681,1827
2025-08-15T10:28:37.204135669,"Save Patient Diagnosis",1640,1640,-,0,0.14,9,410,1017,2540,4240,8137,755,934
2026-09-24T07:33:47.924573275,"Login",24911,24911,-,0,2.2,3,74,192,475,909,3357,142,186
2026-09-24T07:33:47.924573275,"Get locations",28370,28370,-,0,2.51,18,299,462,789,1169,2648,328,253
2026-09-24T07:33:47.924573275,"Select Location",24911,24911,-,0,2.2,1,33,136,361,957,2804,95,146
2026-09-24T07:33:47.924573275,"Get Address Template",30223,30223,-,0,2.67,1,16,49,234,1680,2156,44,85
2026-09-24T07:33:47.924573275,"Get Relationship Types",30223,30223,-,0,2.67,1,28,79,275,458,1995,67,110
2026-09-24T07:33:47.924573275,"Get Appointments for Specific Date",24911,24911,-,0,2.2,1,24,81,242,311,1568,62,95
2026-09-24T07:33:47.924573275,"Get Module Information",33302,33302,-,0,2.95,1,19,48,251,1057,1657,45,83
2026-09-24T07:33:47.924573275,"Get Patient Identifier Types",30223,30223,-,0,2.67,1,28,77,283,474,3451,66,112
2026-09-24T07:33:47.924573275,"Get Primary Identifier Term Mapping",53560,53560,-,0,4.74,2,46,123,333,729,2823,94,141
2026-09-24T07:33:47.924573275,"Get Identifier Source",55134,55134,-,0,4.88,1,36,111,272,695,3096,85,133
2026-09-24T07:33:47.924573275,"Get Locations by Tag and Query",35740,35740,-,0,3.16,2,49,155,389,772,2536,111,155
2026-09-24T07:33:47.924573275,"Get Visits",26187,26187,-,0,2.32,6,714,1925,3402,4205,7073,1129,1156
2026-09-24T07:33:47.924573275,"Get Auto Generation Options",30223,30223,-,0,2.67,4,86,289,669,1199,2916,187,237
2026-09-24T07:33:47.924573275,"Get Queue Entry",31206,31206,-,0,2.76,2,1878,3125,5624,7336,11861,2174,1760
2026-09-24T07:33:47.924573275,"Get Visit Types",13908,13908,-,0,1.23,1,24,79,323,1065,1867,63,111
2026-09-24T07:33:47.924573275,"Get Current Visit of Patient",24608,24608,-,0,2.18,2,1417,3720,8693,12526,27459,2512,2916
2026-09-24T07:33:47.924573275,"Get Visits of Patient",26029,26029,-,0,2.3,2,711,1636,2950,3909,7810,1028,986
2026-09-24T07:33:47.924573275,"Get Program Enrollments of Patient",16895,16895,-,0,1.49,2,103,241,592,727,2346,165,187
2026-09-24T07:33:47.924573275,"Get Visit Queue Entry",24126,24126,-,0,2.13,2,40,121,395,1737,2493,92,137
2026-09-24T07:33:47.924573275,"Get Appointments of a Patient",14053,14053,-,0,1.24,1,21,57,208,376,2256,51,93
2026-09-24T07:33:47.924573275,"Get Patient Summary Data",26630,26630,-,0,2.36,2,53,115,311,655,2940,92,127
2026-09-24T07:33:47.924573275,"Get Active Visits of Patient",286872,286872,-,0,25.38,1,35,119,313,700,3473,86,137
2026-09-24T07:33:47.924573275,"Get isVisitsEnabled",17412,17412,-,0,1.54,1,31,106,312,680,2558,79,127
2026-09-24T07:33:47.924573275,"Get the status of patient death",270680,270680,-,0,23.94,1,25,66,268,337,2765,60,103
2026-09-24T07:33:47.924573275,"Get all the constraints on the vital concepts",17412,17412,-,0,1.54,2,49,115,341,749,1919,93,128
2026-09-24T07:33:47.924573275,"Get Patient Observations",51132,51132,-,0,4.52,1,536,2012,5029,6034,11235,1271,1635
2026-09-24T07:33:47.924573275,"Get Patient Conditions",19323,19323,-,0,1.71,1,327,1315,4990,8392,14097,1053,1682
2026-09-24T07:33:47.924573275,"Get Active Orders",16481,16481,-,0,1.46,2,260,934,2995,3739,6666,687,963
2026-09-24T07:33:47.924573275,"Get Admission Location Info",4076,4076,-,0,0.36,3,47,137,497,540,1756,106,158
2026-09-24T07:33:47.924573275,"Get Admission Info",4076,4076,-,0,0.36,16,310,779,1642,3661,6109,527,609
2026-09-24T07:33:47.924573275,"Get Inpatient Request",4076,4076,-,0,0.36,9,411,1881,16094,20999,25599,2787,5293
2026-09-24T07:33:47.924573275,"Get Orders of admitted patient by Activated Date",15364,15364,-,0,1.36,2,88,243,730,764,2933,171,210
2026-09-24T07:33:47.924573275,"Get Patients",4987,4987,-,0,0.44,9,2085,5465,9189,10968,14460,3159,3142
2026-09-24T07:33:47.924573275,"Submit Visit Form",12632,12580,52,0.41,1.12,5,102,288,691,950,4348,197,242
2026-09-24T07:33:47.924573275,"Get Locations That Support Visits",6263,6263,-,0,0.55,2,42,116,303,1017,1747,88,134
2026-09-24T07:33:47.924573275,"Get Beds for Patient",4076,4076,-,0,0.36,2,34,89,271,660,2017,76,123
2026-09-24T07:33:47.924573275,"Save Ward Encounter",10190,10190,-,0,0.9,7,215,611,1852,2933,5627,468,625
2026-09-24T07:33:47.924573275,"Get Order Types",3145,3145,-,0,0.28,1,25,69,231,664,1357,64,113
2026-09-24T07:33:47.924573275,"Save Vitals",3524,3524,-,0,0.31,36,986,2368,3942,5016,7219,1408,1316
2026-09-24T07:33:47.924573275,"Search for Drug",6290,6290,-,0,0.56,1,26,80,327,1272,1647,68,112
2026-09-24T07:33:47.924573275,"Save Drug Order",3145,3145,-,0,0.28,21,463,1039,1954,2562,4117,659,634
2026-09-24T07:33:47.924573275,"Get Vitals concept reference ranges",4076,4076,-,0,0.36,9,194,496,1165,1353,2846,324,360
2026-09-24T07:33:47.924573275,"Get Specific Visit Details",14217,14217,-,0,1.26,3,68,187,576,658,3111,138,183
2026-09-24T07:33:47.924573275,"Get Transfer Locations configuration data",4076,4076,-,0,0.36,36,847,2355,4138,5467,10207,1374,1411
2026-09-24T07:33:47.924573275,"Get Transferable locations",4076,4076,-,0,0.36,21,211,391,650,1130,2912,264,228
2026-09-24T07:33:47.924573275,"Get Allergies of Patient",3524,3524,-,0,0.31,1,210,629,1255,1971,3206,394,451
2026-09-24T07:33:47.924573275,"Get Drug Allergens",3524,3524,-,0,0.31,16,299,443,775,1052,1745,312,238
2026-09-24T07:33:47.924573275,"Get Environment Allergens",3524,3524,-,0,0.31,13,243,370,633,1018,1563,266,210
2026-09-24T07:33:47.924573275,"Get Food Allergens",3524,3524,-,0,0.31,7,128,233,485,882,2471,170,171
2026-09-24T07:33:47.924573275,"Get Allergic Reactions Allergens",3524,3524,-,0,0.31,9,170,292,586,969,2164,210,193
2026-09-24T07:33:47.924573275,"Get All Form Encounters",1421,1421,-,0,0.13,3,388,839,1511,1972,3038,526,487
2026-09-24T07:33:47.924573275,"Get All Forms",1421,1421,-,0,0.13,5,154,386,845,1465,2387,261,302
2026-09-24T07:33:47.924573275,"Get the details of a orderType",3079,3079,-,0,0.27,1,27,83,303,813,2166,74,128
2026-09-24T07:33:47.924573275,"Get all Lab order details",3079,3079,-,0,0.27,8,158,245,483,991,2394,185,186
2026-09-24T07:33:47.924573275,"Add a lab order",3079,3079,-,0,0.27,13,283,702,1430,2281,5339,461,505
2026-09-24T07:33:47.924573275,"Get medication request encounters",9435,9435,-,0,0.83,31,2876,8186,13701,18028,22906,4662,4743
2026-09-24T07:33:47.924573275,"Get patient age",61155,61155,-,0,5.41,1,33,82,258,486,2609,71,110
2026-09-24T07:33:47.924573275,"Get all patient lists",13772,13772,-,0,1.22,2,316,735,1281,1604,2843,449,435
2026-09-24T07:33:47.924573275,"Get Person Attribute Type",5312,5312,-,0,0.47,1,29,84,269,628,1096,68,107
2026-09-24T07:33:47.924573275,"Get Ordered Address Hierarchy Levels",5312,5312,-,0,0.47,0,12,28,155,1456,1926,29,64
2026-09-24T07:33:47.924573275,"Get All Appointment Services(full)",3828,3828,-,0,0.34,2,36,93,270,682,1571,75,113
2026-09-24T07:33:47.924573275,"Get all appointments for a specific day",2552,2552,-,0,0.23,1,22,73,230,337,1274,56,84
2026-09-24T07:33:47.924573275,"Get all appointment summaries",2552,2552,-,0,0.23,6,104,271,555,814,1951,173,188
2026-09-24T07:33:47.924573275,"Get Appointment By Status",10208,10208,-,0,0.9,1,33,109,322,722,2681,84,132
2026-09-24T07:33:47.924573275,"Get all default appointment services",2552,2552,-,0,0.23,2,34,91,277,517,1906,72,111
2026-09-24T07:33:47.924573275,"Get all visits of the given location with date",2552,2552,-,0,0.23,9,1582,3003,5031,6166,8716,1903,1651
2026-09-24T07:33:47.924573275,"Get Patient Allergy Intolerance",3145,3145,-,0,0.28,1,166,565,1266,2275,3932,367,468
2026-09-24T07:33:47.924573275,"Get Specific Medication Requests",12580,12580,-,0,1.11,14,412,1100,2422,3492,5681,720,803
2026-09-24T07:33:47.924573275,"Get Encounter With Visit and Diagnoses",3145,3145,-,0,0.28,3,58,152,446,612,2088,109,147
2026-09-24T07:33:47.924573275,"Get All Providers",7566,7566,-,0,0.67,3,65,227,643,919,3517,164,229
2026-09-24T07:33:47.924573275,"Get patient identification photo",257344,257344,-,0,22.76,2,41,127,430,3975,4958,95,147
2026-09-24T07:33:47.924573275,"Get Person Attributes",2634,2634,-,0,0.23,1,33,81,258,571,1412,71,113
2026-09-24T07:33:47.924573275,"Get Patient Identifiers",2634,2634,-,0,0.23,2,41,115,317,629,1245,85,121
2026-09-24T07:33:47.924573275,"Get Relationships of Person",2634,2634,-,0,0.23,2,42,124,425,553,1779,92,136
2026-09-24T07:33:47.924573275,"Save an Allergy",3524,3524,-,0,0.31,9,216,530,1051,1310,2794,333,334
2026-09-24T07:33:47.924573275,"Get queue entry number",1665,1665,-,0,0.15,0,8,18,78,312,1503,22,65
2026-09-24T07:33:47.924573275,"Create a patient list",3443,3443,-,0,0.3,4,121,302,582,1074,1802,194,212
2026-09-24T07:33:47.924573275,"Submit visit queue entry",1673,1665,8,0.48,0.15,13,221,675,1427,1698,3159,414,464
2026-09-24T07:33:47.924573275,"Get Clinical Form by UUID",1421,1421,-,0,0.13,5,102,212,483,792,1434,154,161
2026-09-24T07:33:47.924573275,"Get Encounter Roles",1421,1421,-,0,0.13,1,27,94,393,915,1187,72,116
2026-09-24T07:33:47.924573275,"Get Latest FHIR Encounter",1421,1421,-,0,0.13,1,117,284,573,995,1723,189,201
2026-09-24T07:33:47.924573275,"Get Encounter By UUID",1293,1293,-,0,0.11,6,143,316,600,1022,1475,210,209
2026-09-24T07:33:47.924573275,"Get all active Lab orders",9237,9237,-,0,0.82,3,508,1732,3330,4853,8678,1017,1186
2026-09-24T07:33:47.924573275,"Get Lab Orders by full filler status",27711,27711,-,0,2.45,2,284,1683,9882,10848,16931,1639,2880
2026-09-24T07:33:47.924573275,"Get Order Entry Config",3145,3145,-,0,0.28,16,350,546,981,1650,2523,390,325
2026-09-24T07:33:47.924573275,"Get ValueSet by UUID",9435,9435,-,0,0.83,6,225,632,1655,2705,4925,452,569
2026-09-24T07:33:47.924573275,"Get Medication Request by UUID",9435,9435,-,0,0.83,11,230,684,1287,1942,4680,428,481
2026-09-24T07:33:47.924573275,"Get Medication by UUID",3145,3145,-,0,0.28,1,20,42,167,458,1509,45,84
2026-09-24T07:33:47.924573275,"Search Medication by Code",3145,3145,-,0,0.28,4,55,108,303,981,1510,90,122
2026-09-24T07:33:47.924573275,"Get Locations Search Set",2038,2038,-,0,0.18,2,38,119,408,572,1872,93,147
2026-09-24T07:33:47.924573275,"Change the session location",2038,2038,-,0,0.18,2,42,146,486,1102,2420,119,193
2026-09-24T07:33:47.924573275,"Get patient list details",3443,3443,-,0,0.3,2,46,143,475,597,2153,102,152
2026-09-24T07:33:47.924573275,"Fetch members of patient list",3443,3443,-,0,0.3,2,45,133,354,730,1926,98,139
2026-09-24T07:33:47.924573275,"Get service concept set",1673,1673,-,0,0.15,2,25,78,362,530,1041,72,121
2026-09-24T07:33:47.924573275,"Get Concept",51527,51527,-,0,4.56,3,113,228,507,1767,2763,165,177
2026-09-24T07:33:47.924573275,"Submit new Service queue",1673,1673,-,0,0.15,6,106,333,730,2219,7901,228,346
2026-09-24T07:33:47.924573275,"Edit patient details",2634,2634,-,0,0.23,8,166,365,790,1232,2487,252,255
2026-09-24T07:33:47.924573275,"Check Appointment Conflicts",1276,1276,-,0,0.11,4,78,195,531,766,1546,141,171
2026-09-24T07:33:47.924573275,"Create Appointment",1276,1276,-,0,0.11,7,140,273,567,842,3126,194,209
2026-09-24T07:33:47.924573275,"Save a clinical form",1421,1421,-,0,0.13,17,475,1052,1931,2747,4156,680,646
2026-09-24T07:33:47.924573275,"Get patient admission note",19007,19007,-,0,1.68,2,100,205,474,725,2209,152,170
2026-09-24T07:33:47.924573275,"Update full filler status",6158,6158,-,0,0.54,4,93,196,446,904,3215,145,175
2026-09-24T07:33:47.924573275,"Submit transition request",1673,1497,176,10.52,0.15,5,132,349,804,1107,3646,228,277
2026-09-24T07:33:47.924573275,"End Visit",12580,12242,338,2.69,1.11,6,212,513,953,1619,4127,329,348
2026-09-24T07:33:47.924573275,"Generate OMRS Identifier",2678,2678,-,0,0.24,5,117,238,539,1211,2648,178,199
2026-09-24T07:33:47.924573275,"Send Patient Registration Request",2678,2678,-,0,0.24,18,500,770,1386,2019,3403,559,452
2026-09-24T07:33:47.924573275,"Dispense medication form submission",3145,3145,-,0,0.28,21,447,1255,2392,3315,5022,769,810
2026-09-24T07:33:47.924573275,"Get Patient Encounters",1421,1421,-,0,0.13,9,2606,5381,7941,9213,13968,3210,2724
2026-09-24T07:33:47.924573275,"Get Lab Results of Patient",2842,2842,-,0,0.25,1,415,959,2502,4138,6428,705,856
2026-09-24T07:33:47.924573275,"Submit Appointment StatusChange",2552,2552,-,0,0.23,5,114,265,606,1067,1733,189,219
2026-09-24T07:33:47.924573275,"Get specific encounter details",3079,3079,-,0,0.27,3,65,177,399,830,2328,124,166
2026-09-24T07:33:47.924573275,"Get Alkaline concept details",3079,3079,-,0,0.27,2,36,111,379,463,1201,80,115
2026-09-24T07:33:47.924573275,"Update the specific encounter",3079,3079,-,0,0.27,14,279,661,1215,1750,3289,421,411
2026-09-24T07:33:47.924573275,"Update the Lab Order Completion",3079,3079,-,0,0.27,11,259,578,1159,1867,3229,384,400
2026-09-24T07:33:47.924573275,"Get Visits With Diagnoses and Notes (new endpoint)",1421,1421,-,0,0.13,9,268,600,1012,1696,2721,373,358
2026-09-24T07:33:47.924573275,"Close medication",3145,3145,-,0,0.28,9,164,470,1026,1261,4012,295,333
2026-09-24T07:33:47.924573275,"Discontinue the drug order",3145,3145,-,0,0.28,14,281,648,1207,1734,3940,425,429
2026-09-24T07:33:47.924573275,"Get Drug Orders except the cancelled and expired",1421,1421,-,0,0.13,4,704,1729,3423,4339,6440,1082,1116
2026-09-24T07:33:47.924573275,"Get Drug Orders except the discontinued orders",1421,1421,-,0,0.13,3,692,1708,3233,4203,5999,1060,1090
2026-09-24T07:33:47.924573275,"Get Observation Tree Details",4263,4263,-,0,0.38,3,356,1762,5042,6667,11396,1188,1644
2026-09-24T07:33:47.924573275,"Search for Condition",2842,2842,-,0,0.25,9,177,296,627,942,2165,219,208
2026-09-24T07:33:47.924573275,"Save Conditions",1421,1421,-,0,0.13,5,103,262,569,1061,2530,183,219
2026-09-24T07:33:47.924573275,"Get Immunizations of Patient",4263,4263,-,0,0.38,1,121,988,3495,5412,8121,754,1233
2026-09-24T07:33:47.924573275,"Get all immunizations",1421,1421,-,0,0.13,5,115,233,516,886,1868,169,183
2026-09-24T07:33:47.924573275,"Submit Patient immunization",1421,1416,5,0.35,0.13,32,930,2119,3381,4255,6436,1281,1162
2026-09-24T07:33:47.924573275,"Get Attachments of Patient",2842,2842,-,0,0.25,4,133,290,630,790,2144,196,207
2026-09-24T07:33:47.924573275,"Get Allowed File Extensions",1421,1421,-,0,0.13,1,31,88,268,549,1143,72,105
2026-09-24T07:33:47.924573275,"Get Programs",2842,2842,-,0,0.25,5,146,301,600,773,2172,204,197
2026-09-24T07:33:47.924573275,"Add new program to patient",1421,1421,-,0,0.13,6,141,343,692,1114,2262,229,248
2026-09-24T07:33:47.924573275,"Complete the program",1421,1421,-,0,0.13,7,134,318,675,1237,2426,222,250
2026-09-24T07:33:47.924573275,"Upload Attachment Request",1421,1420,1,0.07,0.13,32,1777,4502,8663,11057,12711,2982,2618
2026-09-24T07:33:47.924573275,"Save Visit Note",1421,1421,-,0,0.13,11,310,750,1428,2119,3962,484,491
2026-09-24T07:33:47.924573275,"Save Patient Diagnosis",2842,2842,-,0,0.25,4,111,287,608,1153,1664,193,217
2026-09-26T07:48:17.441078707,"Login",30782,-,30782,100,2.72,4,62,147,585,3056,4036,120,187
2026-09-26T07:48:17.441078707,"Get locations",34898,34898,-,0,3.09,25,332,699,1256,2757,4764,424,412
2026-09-26T07:48:17.441078707,"Select Location",30782,-,30782,100,2.72,1,19,60,339,2625,3202,61,130
2026-09-26T07:48:17.441078707,"Get Address Template",36877,36877,-,0,3.26,1,18,61,335,3141,3984,59,124
2026-09-26T07:48:17.441078707,"Get Relationship Types",36877,36877,-,0,3.26,2,30,83,451,3117,3858,84,159
2026-09-26T07:48:17.441078707,"Get Appointments for Specific Date",30782,30782,-,0,2.72,2,28,119,351,1485,3525,84,145
2026-09-26T07:48:17.441078707,"Get Module Information",41274,41274,-,0,3.65,1,20,53,295,361,2915,59,125
2026-09-26T07:48:17.441078707,"Get Patient Identifier Types",36877,36877,-,0,3.26,2,30,93,313,865,2988,86,166
2026-09-26T07:48:17.441078707,"Get Primary Identifier Term Mapping",67417,67417,-,0,5.97,2,51,152,452,1095,3684,124,208
2026-09-26T07:48:17.441078707,"Get Identifier Source",67659,67659,-,0,5.99,2,38,109,408,880,4135,102,185
2026-09-26T07:48:17.441078707,"Get Locations by Tag and Query",44390,44390,-,0,3.93,3,51,191,572,1861,3733,140,232
2026-09-26T07:48:17.441078707,"Get Visits",32092,32092,-,0,2.84,6,562,2343,5296,6711,12465,1397,1773
2026-09-26T07:48:17.441078707,"Get Auto Generation Options",36877,36877,-,0,3.26,5,82,299,1050,3289,4849,217,335
2026-09-26T07:48:17.441078707,"Get Queue Entry",38458,13256,25202,65.53,3.4,2,47,153,508,1223,3771,126,215
2026-09-26T07:48:17.441078707,"Get Visit Types",18005,18005,-,0,1.59,2,27,85,359,783,3369,83,161
2026-09-26T07:48:17.441078707,"Get Current Visit of Patient",34579,4262,30317,87.67,3.06,4,182,597,1357,2654,6530,411,554
2026-09-26T07:48:17.441078707,"Get Visits of Patient",36251,4548,31703,87.45,3.21,3,230,703,1709,4206,5778,432,559
2026-09-26T07:48:17.441078707,"Get Program Enrollments of Patient",21711,2769,18942,87.25,1.92,2,96,295,796,1470,3547,212,304
2026-09-26T07:48:17.441078707,"Get Visit Queue Entry",32043,32043,-,0,2.84,3,47,155,584,2225,5991,125,211
2026-09-26T07:48:17.441078707,"Get Appointments of a Patient",18367,18367,-,0,1.63,2,26,73,373,415,2095,69,129
2026-09-26T07:48:17.441078707,"Get Patient Summary Data",34343,34343,-,0,3.04,3,64,166,446,1303,4668,122,187
2026-09-26T07:48:17.441078707,"Get Active Visits of Patient",343355,343355,-,0,30.39,2,29,105,369,986,4409,94,183
2026-09-26T07:48:17.441078707,"Get isVisitsEnabled",21362,21362,-,0,1.89,2,34,127,498,1647,2602,101,185
2026-09-26T07:48:17.441078707,"Get the status of patient death",322553,322553,-,0,28.55,2,19,62,268,462,3877,64,131
2026-09-26T07:48:17.441078707,"Get all the constraints on the vital concepts",21362,-,21362,100,1.89,3,61,170,685,4267,5319,143,232
2026-09-26T07:48:17.441078707,"Get Patient Observations",62930,10175,52755,83.83,5.57,1,204,826,1859,3710,4658,478,601
2026-09-26T07:48:17.441078707,"Get Patient Conditions",24568,14014,10554,42.96,2.17,2,60,340,1557,1967,4643,292,514
2026-09-26T07:48:17.441078707,"Get Active Orders",21224,16641,4583,21.59,1.88,3,81,251,864,956,4227,192,291
2026-09-26T07:48:17.441078707,"Submit Visit Form",16695,16631,64,0.38,1.48,7,113,343,866,1805,3469,244,343
2026-09-26T07:48:17.441078707,"Get Admission Location Info",4888,4888,-,0,0.43,4,39,122,467,1098,2623,117,210
2026-09-26T07:48:17.441078707,"Get Admission Info",4888,4888,-,0,0.43,18,170,550,1410,3375,4545,362,466
2026-09-26T07:48:17.441078707,"Get Inpatient Request",4888,4888,-,0,0.43,11,104,342,883,1059,3327,217,292
2026-09-26T07:48:17.441078707,"Get Orders of admitted patient by Activated Date",4888,30,4858,99.39,0.43,5,55,201,591,1346,3570,160,270
2026-09-26T07:48:17.441078707,"Get Patients",5876,5876,-,0,0.52,12,864,5063,12766,16044,21853,3238,4267
2026-09-26T07:48:17.441078707,"Get Order Types",4750,4750,-,0,0.42,2,37,96,474,723,1768,91,157
2026-09-26T07:48:17.441078707,"Get Locations That Support Visits",7186,7186,-,0,0.64,3,32,100,512,641,2854,95,178
2026-09-26T07:48:17.441078707,"Get Beds for Patient",4888,4888,-,0,0.43,2,32,98,411,1446,2598,96,182
2026-09-26T07:48:17.441078707,"Save Ward Encounter",12220,-,12220,100,1.08,9,138,498,2141,6162,8762,456,788
2026-09-26T07:48:17.441078707,"Save Vitals",4310,-,4310,100,0.38,49,763,2947,5806,8260,10077,1749,2047
2026-09-26T07:48:17.441078707,"Search for Drug",9500,9500,-,0,0.84,1,34,131,562,2110,3116,107,197
2026-09-26T07:48:17.441078707,"Save Drug Order",4750,-,4750,100,0.42,15,285,922,1962,3393,6369,596,741
2026-09-26T07:48:17.441078707,"Get Vitals concept reference ranges",4888,-,4888,100,0.43,13,149,558,1843,4161,5214,382,585
2026-09-26T07:48:17.441078707,"Get Specific Visit Details",17568,17568,-,0,1.55,4,77,205,624,1309,3752,162,250
2026-09-26T07:48:17.441078707,"Get Transfer Locations configuration data",4888,4888,-,0,0.43,7,72,234,713,1408,2706,186,288
2026-09-26T07:48:17.441078707,"Get Transferable locations",4888,4888,-,0,0.43,27,174,467,1033,1595,3740,316,353
2026-09-26T07:48:17.441078707,"Get All Form Encounters",1672,1672,-,0,0.15,4,391,1126,2413,3127,5491,673,779
2026-09-26T07:48:17.441078707,"Get All Forms",1672,1672,-,0,0.15,7,153,489,1146,2227,4601,342,457
2026-09-26T07:48:17.441078707,"Get the details of a orderType",4397,4397,-,0,0.39,2,35,116,540,2082,2724,105,190
2026-09-26T07:48:17.441078707,"Get all Lab order details",4397,-,4397,100,0.39,3,55,197,672,2944,4958,140,235
2026-09-26T07:48:17.441078707,"Get Allergies of Patient",4310,250,4060,94.2,0.38,1,149,275,639,1578,2657,197,233
2026-09-26T07:48:17.441078707,"Add a lab order",4397,-,4397,100,0.39,20,430,1139,2284,3624,6211,723,834
2026-09-26T07:48:17.441078707,"Get Drug Allergens",4310,-,4310,100,0.38,3,58,167,567,1382,2716,152,261
2026-09-26T07:48:17.441078707,"Get Environment Allergens",4310,-,4310,100,0.38,3,61,190,732,2382,3163,147,242
2026-09-26T07:48:17.441078707,"Get Food Allergens",4310,-,4310,100,0.38,3,62,181,587,1342,2685,152,254
2026-09-26T07:48:17.441078707,"Get Allergic Reactions Allergens",4310,-,4310,100,0.38,3,59,170,557,1243,2932,146,241
2026-09-26T07:48:17.441078707,"Get medication request encounters",14250,-,14250,100,1.26,2,72,445,1172,1636,3288,285,415
2026-09-26T07:48:17.441078707,"Get All Appointment Services(full)",3930,3930,-,0,0.35,3,28,92,386,1029,1457,75,128
2026-09-26T07:48:17.441078707,"Get all appointments for a specific day",2620,2620,-,0,0.23,2,18,72,305,353,1892,61,114
2026-09-26T07:48:17.441078707,"Get all appointment summaries",2620,2620,-,0,0.23,7,61,215,658,958,2642,164,235
2026-09-26T07:48:17.441078707,"Get Person Attribute Type",6095,6095,-,0,0.54,1,32,86,456,589,2130,83,157
2026-09-26T07:48:17.441078707,"Get all patient lists",14728,14728,-,0,1.3,3,261,997,2005,3178,4633,596,712
2026-09-26T07:48:17.441078707,"Get Ordered Address Hierarchy Levels",6095,6095,-,0,0.54,1,14,36,137,451,1506,37,81
2026-09-26T07:48:17.441078707,"Get Appointment By Status",10480,10480,-,0,0.93,2,21,82,359,1505,2171,66,121
2026-09-26T07:48:17.441078707,"Get all default appointment services",2620,2620,-,0,0.23,3,24,95,361,1532,2085,74,133
2026-09-26T07:48:17.441078707,"Get all visits of the given location with date",2620,2620,-,0,0.23,13,884,3890,8422,10763,13150,2387,2834
2026-09-26T07:48:17.441078707,"Get Patient Allergy Intolerance",4750,272,4478,94.27,0.42,1,143,265,627,922,2153,191,227
2026-09-26T07:48:17.441078707,"Get All Providers",10810,10810,-,0,0.96,3,75,299,895,1749,3939,229,349
2026-09-26T07:48:17.441078707,"Get patient identification photo",306079,306079,-,0,27.09,3,31,133,486,2533,5299,98,186
2026-09-26T07:48:17.441078707,"Get Person Attributes",3265,3265,-,0,0.29,2,37,89,326,1001,2337,86,154
2026-09-26T07:48:17.441078707,"Get Patient Identifiers",3265,3265,-,0,0.29,2,43,121,410,1043,2063,106,175
2026-09-26T07:48:17.441078707,"Get Relationships of Person",3265,3265,-,0,0.29,3,44,144,444,1013,3240,114,198
2026-09-26T07:48:17.441078707,"Get queue entry number",2117,2117,-,0,0.19,0,5,19,70,591,1005,21,54
2026-09-26T07:48:17.441078707,"Submit visit queue entry",2122,-,2122,100,0.19,10,67,283,1145,2744,3592,249,397
2026-09-26T07:48:17.441078707,"Get Clinical Form by UUID",1672,-,1672,100,0.15,4,81,162,557,1016,2046,130,187
2026-09-26T07:48:17.441078707,"Get Encounter Roles",1672,1672,-,0,0.15,2,37,106,439,1286,1717,97,169
2026-09-26T07:48:17.441078707,"Get Latest FHIR Encounter",1672,1672,-,0,0.15,2,146,381,841,1482,2379,254,309
2026-09-26T07:48:17.441078707,"Get Encounter By UUID",1544,-,1544,100,0.14,8,193,443,1048,1672,3815,310,368
2026-09-26T07:48:17.441078707,"Create a patient list",3682,3682,-,0,0.33,5,96,356,922,1135,2318,218,304
2026-09-26T07:48:17.441078707,"Save an Allergy",4310,-,4310,100,0.38,11,222,767,1810,2149,5182,439,539
2026-09-26T07:48:17.441078707,"Get all active Lab orders",13191,-,13191,100,1.17,8,761,1592,2809,3628,6494,975,968
2026-09-26T07:48:17.441078707,"Get Lab Orders by full filler status",39573,39573,-,0,3.5,3,58,229,615,976,2835,155,233
2026-09-26T07:48:17.441078707,"Get Order Entry Config",4750,4750,-,0,0.42,14,318,788,1889,2173,5266,493,572
2026-09-26T07:48:17.441078707,"Get ValueSet by UUID",14250,-,14250,100,1.26,6,73,159,428,2450,3355,115,152
2026-09-26T07:48:17.441078707,"Get Medication by UUID",4750,-,4750,100,0.42,6,85,176,353,843,2697,122,151
2026-09-26T07:48:17.441078707,"Search Medication by Code",4750,-,4750,100,0.42,6,100,205,389,1429,2012,145,179
2026-09-26T07:48:17.441078707,"Get Locations Search Set",2444,2444,-,0,0.22,3,31,114,676,1701,2933,106,214
2026-09-26T07:48:17.441078707,"Change the session location",2444,-,2444,100,0.22,2,19,63,335,1107,2045,70,148
2026-09-26T07:48:17.441078707,"Get service concept set",2122,2122,-,0,0.19,2,16,67,449,886,2452,74,162
2026-09-26T07:48:17.441078707,"Get Concept",2122,-,2122,100,0.19,3,22,89,439,895,1733,96,185
2026-09-26T07:48:17.441078707,"Submit new Service queue",2122,-,2122,100,0.19,6,47,195,868,1906,2337,163,275
2026-09-26T07:48:17.441078707,"Get patient list details",3682,3682,-,0,0.33,3,47,137,441,1118,2100,119,205
2026-09-26T07:48:17.441078707,"Fetch members of patient list",3682,3682,-,0,0.33,2,45,127,435,1071,3004,116,204
2026-09-26T07:48:17.441078707,"Edit patient details",3265,3265,-,0,0.29,10,175,461,1113,2384,2991,308,392
2026-09-26T07:48:17.441078707,"Save a clinical form",1672,-,1672,100,0.15,23,496,1548,2900,4339,6340,919,1047
2026-09-26T07:48:17.441078707,"Check Appointment Conflicts",1310,1310,-,0,0.12,5,48,171,600,1093,2106,139,234
2026-09-26T07:48:17.441078707,"Create Appointment",1310,1310,-,0,0.12,10,83,258,773,1574,1963,191,261
2026-09-26T07:48:17.441078707,"Submit transition request",2122,-,2122,100,0.19,3,28,101,392,534,1771,77,136
2026-09-26T07:48:17.441078707,"End Visit",16631,16631,-,0,1.47,9,155,542,1368,3262,4090,340,436
2026-09-26T07:48:17.441078707,"Generate OMRS Identifier",2830,2830,-,0,0.25,6,118,268,783,1965,2876,207,282
2026-09-26T07:48:17.441078707,"Send Patient Registration Request",2830,2830,-,0,0.25,20,443,1003,1894,2998,4436,646,678
2026-09-26T07:48:17.441078707,"Get Patient Encounters",1672,-,1672,100,0.15,10,419,1172,2224,3094,4323,699,779
2026-09-26T07:48:17.441078707,"Get Lab Results of Patient",3344,1824,1520,45.45,0.3,1,56,268,885,1896,3087,206,321
2026-09-26T07:48:17.441078707,"Get Alkaline concept details",4397,-,4397,100,0.39,3,62,189,647,2511,4269,145,236
2026-09-26T07:48:17.441078707,"Update the Lab Order Completion",4397,-,4397,100,0.39,5,101,323,931,2296,3232,211,299
2026-09-26T07:48:17.441078707,"Get Visits With Diagnoses and Notes (new endpoint)",1672,1620,52,3.11,0.15,10,250,751,1529,2918,4866,479,575
2026-09-26T07:48:17.441078707,"Submit Appointment StatusChange",2620,2620,-,0,0.23,7,73,251,658,1576,3257,189,287
2026-09-26T07:48:17.441078707,"Discontinue the drug order",4750,-,4750,100,0.42,5,103,336,1100,1231,2730,224,318
2026-09-26T07:48:17.441078707,"Get Drug Orders except the cancelled and expired",1672,1672,-,0,0.15,5,102,289,900,1008,2559,204,284
2026-09-26T07:48:17.441078707,"Get Drug Orders except the discontinued orders",1672,1672,-,0,0.15,4,96,308,794,1145,2545,200,280
2026-09-26T07:48:17.441078707,"Get Observation Tree Details",5016,-,5016,100,0.44,4,110,307,888,2204,2837,217,298
2026-09-26T07:48:17.441078707,"Search for Condition",3344,-,3344,100,0.3,2,40,106,435,1337,2143,96,172
2026-09-26T07:48:17.441078707,"Get Immunizations of Patient",3344,514,2830,84.63,0.3,2,354,963,1909,2649,5345,600,704
2026-09-26T07:48:17.441078707,"Get all immunizations",1672,-,1672,100,0.15,4,77,252,722,1470,2531,182,275
2026-09-26T07:48:17.441078707,"Submit Patient immunization",1672,-,1672,100,0.15,18,961,3039,5713,6535,10168,1753,1876
2026-09-26T07:48:17.441078707,"Get Attachments of Patient",3344,3344,-,0,0.3,5,179,495,959,2258,2980,312,380
2026-09-26T07:48:17.441078707,"Get Allowed File Extensions",1672,1672,-,0,0.15,2,43,118,441,1431,2548,109,195
2026-09-26T07:48:17.441078707,"Get Programs",3344,-,3344,100,0.3,5,98,274,790,1370,2836,200,285
2026-09-26T07:48:17.441078707,"Add new program to patient",1672,-,1672,100,0.15,9,168,563,1324,2180,3603,364,474
2026-09-26T07:48:17.441078707,"Upload Attachment Request",1672,1671,1,0.06,0.15,39,2998,8646,23216,33097,36814,6192,7289
2026-09-27T08:09:41.75147697,"Login",20224,20224,-,0,1.79,5,128,298,735,1586,3999,230,281
2026-09-27T08:09:41.75147697,"Get locations",22964,22964,-,0,2.03,26,510,711,1166,1813,5881,544,364
2026-09-27T08:09:41.75147697,"Select Location",20224,20224,-,0,1.79,2,70,212,714,898,4276,162,243
2026-09-27T08:09:41.75147697,"Get Address Template",24758,24758,-,0,2.19,1,28,79,287,717,2623,73,134
2026-09-27T08:09:41.75147697,"Get Relationship Types",24758,24758,-,0,2.19,2,51,128,403,1037,3775,114,183
2026-09-27T08:09:41.75147697,"Get Appointments for Specific Date",20224,20224,-,0,1.79,2,43,135,431,1709,2719,97,147
2026-09-27T08:09:41.75147697,"Get Module Information",27155,27155,-,0,2.4,1,35,85,295,860,3390,77,139
2026-09-27T08:09:41.75147697,"Get Patient Identifier Types",24758,24758,-,0,2.19,2,51,140,532,2007,3394,113,185
2026-09-27T08:09:41.75147697,"Get Primary Identifier Term Mapping",43346,43346,-,0,3.83,3,83,206,621,2220,4236,160,222
2026-09-27T08:09:41.75147697,"Get Identifier Source",44982,44982,-,0,3.97,2,68,181,524,901,6266,143,212
2026-09-27T08:09:41.75147697,"Get Locations by Tag and Query",28567,28567,-,0,2.52,3,100,259,696,1032,5929,190,256
2026-09-27T08:09:41.75147697,"Get Visits",21219,21219,-,0,1.87,9,1449,3129,5472,6851,13197,1927,1781
2026-09-27T08:09:41.75147697,"Get Auto Generation Options",24758,24758,-,0,2.19,5,185,467,1140,1622,5339,323,385
2026-09-27T08:09:41.75147697,"Get Queue Entry",24915,24915,-,0,2.2,3,1695,3018,6366,11095,17305,2226,2141
2026-09-27T08:09:41.75147697,"Get Visit Types",10740,10740,-,0,0.95,2,45,122,510,2007,3472,106,180
2026-09-27T08:09:41.75147697,"Get Current Visit of Patient",19184,19184,-,0,1.69,4,2801,6323,13711,19341,40235,4333,4512
2026-09-27T08:09:41.75147697,"Get Visits of Patient",20390,20390,-,0,1.8,3,1342,2603,4442,5905,12120,1704,1446
2026-09-27T08:09:41.75147697,"Get Program Enrollments of Patient",13363,13363,-,0,1.18,3,185,385,774,2404,5476,268,298
2026-09-27T08:09:41.75147697,"Get Visit Queue Entry",19425,19425,-,0,1.72,2,73,192,547,1084,3085,150,212
2026-09-27T08:09:41.75147697,"Get Appointments of a Patient",10951,10951,-,0,0.97,2,36,93,308,924,2588,82,140
2026-09-27T08:09:41.75147697,"Get Patient Summary Data",21394,21394,-,0,1.89,3,88,184,488,1848,4294,149,206
2026-09-27T08:09:41.75147697,"Get Active Visits of Patient",217363,217363,-,0,19.19,2,68,201,673,2999,5040,148,225
2026-09-27T08:09:41.75147697,"Get isVisitsEnabled",14128,14128,-,0,1.25,2,60,166,476,1095,3296,135,205
2026-09-27T08:09:41.75147697,"Get the status of patient death",204420,204420,-,0,18.05,2,47,127,484,2269,4650,103,171
2026-09-27T08:09:41.75147697,"Get all the constraints on the vital concepts",14128,14128,-,0,1.25,3,90,200,578,2019,3764,161,222
2026-09-27T08:09:41.75147697,"Get Patient Observations",42094,42094,-,0,3.72,1,928,2893,7414,9481,16925,1925,2406
2026-09-27T08:09:41.75147697,"Get Patient Conditions",15853,15853,-,0,1.4,2,610,2132,7350,12506,23752,1700,2609
2026-09-27T08:09:41.75147697,"Get Active Orders",13441,13441,-,0,1.19,4,414,1294,3617,4689,10770,922,1207
2026-09-27T08:09:41.75147697,"Get Admission Location Info",3068,3068,-,0,0.27,4,84,218,604,1650,3870,170,238
2026-09-27T08:09:41.75147697,"Get Admission Info",3068,3068,-,0,0.27,20,591,1144,2056,2768,9116,775,736
2026-09-27T08:09:41.75147697,"Get Inpatient Request",3068,3068,-,0,0.27,14,813,3233,29435,35691,42738,4732,8874
2026-09-27T08:09:41.75147697,"Get Orders of admitted patient by Activated Date",12167,12167,-,0,1.07,4,152,313,730,1235,5057,239,269
2026-09-27T08:09:41.75147697,"Get Patients",3761,3761,-,0,0.33,13,4079,8949,14294,17381,22988,5380,4779
2026-09-27T08:09:41.75147697,"Submit Visit Form",9745,9711,34,0.35,0.86,7,184,466,1006,1571,6929,315,363
2026-09-27T08:09:41.75147697,"Get Locations That Support Visits",4756,4756,-,0,0.42,3,77,189,501,1105,4036,148,214
2026-09-27T08:09:41.75147697,"Get Beds for Patient",3068,3068,-,0,0.27,2,64,158,430,969,2311,129,181
2026-09-27T08:09:41.75147697,"Save Ward Encounter",7670,7670,-,0,0.68,10,416,1058,2857,4291,11998,783,969
2026-09-27T08:09:41.75147697,"Get Order Types",2381,2381,-,0,0.21,2,46,117,379,1236,2950,102,174
2026-09-27T08:09:41.75147697,"Save Vitals",2923,2923,-,0,0.26,55,2015,3819,6066,7739,12080,2416,1979
2026-09-27T08:09:41.75147697,"Get Vitals concept reference ranges",3068,3068,-,0,0.27,14,378,789,1668,3038,5861,558,597
2026-09-27T08:09:41.75147697,"Get Specific Visit Details",11462,11462,-,0,1.01,4,128,304,822,1256,4630,230,294
2026-09-27T08:09:41.75147697,"Get Transfer Locations configuration data",3068,3068,-,0,0.27,54,1711,3673,6372,8718,13400,2321,2140
2026-09-27T08:09:41.75147697,"Search for Drug",4762,4762,-,0,0.42,2,47,149,648,821,2594,124,216
2026-09-27T08:09:41.75147697,"Get Transferable locations",3068,3068,-,0,0.27,29,377,635,1055,1993,3960,457,370
2026-09-27T08:09:41.75147697,"Save Drug Order",2381,2381,-,0,0.21,31,828,1545,2825,4554,6785,1068,950
2026-09-27T08:09:41.75147697,"Get Allergies of Patient",2923,2923,-,0,0.26,2,358,922,1981,3261,5612,626,716
2026-09-27T08:09:41.75147697,"Get Drug Allergens",2923,2923,-,0,0.26,22,489,681,1103,1798,4637,516,336
2026-09-27T08:09:41.75147697,"Get Environment Allergens",2923,2923,-,0,0.26,18,401,577,1027,1740,3176,445,331
2026-09-27T08:09:41.75147697,"Get Food Allergens",2923,2923,-,0,0.26,10,217,370,777,1209,3337,285,270
2026-09-27T08:09:41.75147697,"Get Allergic Reactions Allergens",2923,2923,-,0,0.26,13,291,442,824,1364,3514,336,272
2026-09-27T08:09:41.75147697,"Get medication request encounters",7143,7143,-,0,0.63,35,6184,13079,22336,28815,46666,8157,7448
2026-09-27T08:09:41.75147697,"Get patient age",47501,47501,-,0,4.19,2,59,131,422,1160,3900,120,191
2026-09-27T08:09:41.75147697,"Get Person Attribute Type",4534,4534,-,0,0.4,2,55,144,508,726,3005,119,190
2026-09-27T08:09:41.75147697,"Get All Appointment Services(full)",2985,2985,-,0,0.26,3,60,150,420,1424,2849,119,166
2026-09-27T08:09:41.75147697,"Get All Form Encounters",1206,1206,-,0,0.11,5,590,1186,2035,2720,4069,761,659
2026-09-27T08:09:41.75147697,"Get all appointments for a specific day",1990,1990,-,0,0.18,2,39,116,319,1266,2674,92,138
2026-09-27T08:09:41.75147697,"Get Ordered Address Hierarchy Levels",4534,4534,-,0,0.4,1,19,41,194,618,2837,45,112
2026-09-27T08:09:41.75147697,"Get all appointment summaries",1990,1990,-,0,0.18,7,156,362,817,1347,4757,261,303
2026-09-27T08:09:41.75147697,"Get all patient lists",12088,12088,-,0,1.07,4,556,1125,1772,2218,4890,698,601
2026-09-27T08:09:41.75147697,"Get Appointment By Status",7960,7960,-,0,0.7,2,43,127,423,1750,2391,96,149
2026-09-27T08:09:41.75147697,"Get All Forms",1206,1206,-,0,0.11,8,310,637,1261,2082,4008,438,457
2026-09-27T08:09:41.75147697,"Get all default appointment services",1990,1990,-,0,0.18,3,61,153,432,992,4185,122,191
2026-09-27T08:09:41.75147697,"Get all visits of the given location with date",1990,1990,-,0,0.18,18,2472,4383,7225,8772,12685,2907,2274
2026-09-27T08:09:41.75147697,"Get the details of a orderType",2397,2397,-,0,0.21,2,54,150,525,935,2247,132,206
2026-09-27T08:09:41.75147697,"Get all Lab order details",2397,2397,-,0,0.21,11,270,383,740,1276,2677,299,236
2026-09-27T08:09:41.75147697,"Add a lab order",2397,2397,-,0,0.21,19,526,1071,2173,3406,5179,732,712
2026-09-27T08:09:41.75147697,"Get patient identification photo",193360,193360,-,0,17.07,3,80,201,763,897,5029,164,236
2026-09-27T08:09:41.75147697,"Get Person Attributes",2139,2139,-,0,0.19,2,58,127,418,845,3541,111,167
2026-09-27T08:09:41.75147697,"Get Patient Identifiers",2139,2139,-,0,0.19,3,75,192,527,1164,2834,150,214
2026-09-27T08:09:41.75147697,"Get Relationships of Person",2139,2139,-,0,0.19,3,73,197,527,1175,3994,151,215
2026-09-27T08:09:41.75147697,"Get Patient Allergy Intolerance",2381,2381,-,0,0.21,2,272,796,1879,3178,6503,543,679
2026-09-27T08:09:41.75147697,"Get Specific Medication Requests",9524,9524,-,0,0.84,22,791,1735,3718,5266,9661,1196,1216
2026-09-27T08:09:41.75147697,"Get Encounter With Visit and Diagnoses",2381,2381,-,0,0.21,3,101,246,571,1149,2232,184,230
2026-09-27T08:09:41.75147697,"Get All Providers",5757,5757,-,0,0.51,4,145,401,911,1767,3712,277,351
2026-09-27T08:09:41.75147697,"Create a patient list",3022,3022,-,0,0.27,6,191,426,861,1648,2975,295,316
2026-09-27T08:09:41.75147697,"Get queue entry number",1229,1229,-,0,0.11,1,14,32,150,317,2011,36,100
2026-09-27T08:09:41.75147697,"Submit visit queue entry",1232,1229,3,0.24,0.11,19,477,1034,1863,3007,6014,675,652
2026-09-27T08:09:41.75147697,"Save an Allergy",2923,2923,-,0,0.26,11,374,755,1464,2390,4558,524,497
2026-09-27T08:09:41.75147697,"Get Clinical Form by UUID",1206,1206,-,0,0.11,8,179,321,713,1366,3581,254,274
2026-09-27T08:09:41.75147697,"Get Encounter Roles",1206,1206,-,0,0.11,2,51,127,404,956,3200,110,178
2026-09-27T08:09:41.75147697,"Get Latest FHIR Encounter",1206,1206,-,0,0.11,2,203,462,880,1665,4359,308,341
2026-09-27T08:09:41.75147697,"Get Encounter By UUID",1078,1078,-,0,0.1,8,243,464,880,1397,6343,335,351
2026-09-27T08:09:41.75147697,"Get all active Lab orders",7191,7191,-,0,0.63,4,974,2465,5032,7013,11630,1567,1679
2026-09-27T08:09:41.75147697,"Get Lab Orders by full filler status",21573,21573,-,0,1.9,3,501,2949,13612,16653,27665,2637,4371
2026-09-27T08:09:41.75147697,"Get patient list details",3022,3022,-,0,0.27,3,88,221,623,1305,3654,173,244
2026-09-27T08:09:41.75147697,"Fetch members of patient list",3022,3022,-,0,0.27,2,83,216,585,1044,2749,166,225
2026-09-27T08:09:41.75147697,"Get Order Entry Config",2381,2381,-,0,0.21,24,597,872,1522,2540,4940,655,499
2026-09-27T08:09:41.75147697,"Get service concept set",1232,1232,-,0,0.11,3,55,153,510,1090,2196,131,213
2026-09-27T08:09:41.75147697,"Get ValueSet by UUID",7143,7143,-,0,0.63,9,412,1027,2557,4196,7710,741,873
2026-09-27T08:09:41.75147697,"Get Concept",41618,41618,-,0,3.67,5,191,350,776,1313,4810,268,270
2026-09-27T08:09:41.75147697,"Submit new Service queue",1232,1232,-,0,0.11,9,229,546,1247,2271,4142,385,458
2026-09-27T08:09:41.75147697,"Get Medication Request by UUID",7143,7143,-,0,0.63,17,457,1085,2087,3414,6617,712,732
2026-09-27T08:09:41.75147697,"Get Medication by UUID",2381,2381,-,0,0.21,2,33,72,282,872,2484,73,136
2026-09-27T08:09:41.75147697,"Search Medication by Code",2381,2381,-,0,0.21,5,94,168,468,959,2688,144,194
2026-09-27T08:09:41.75147697,"Get Locations Search Set",1534,1534,-,0,0.14,4,75,206,552,1123,2361,157,215
2026-09-27T08:09:41.75147697,"Change the session location",1534,1534,-,0,0.14,4,86,270,761,1401,3204,199,281
2026-09-27T08:09:41.75147697,"Edit patient details",2139,2139,-,0,0.19,12,296,544,1146,1905,3372,410,393
2026-09-27T08:09:41.75147697,"Check Appointment Conflicts",995,995,-,0,0.09,6,126,279,699,1294,2042,215,250
2026-09-27T08:09:41.75147697,"Create Appointment",995,995,-,0,0.09,11,217,404,847,1265,1884,292,265
2026-09-27T08:09:41.75147697,"Submit transition request",1232,1156,76,6.17,0.11,10,252,525,1097,1958,4281,374,391
2026-09-27T08:09:41.75147697,"End Visit",9711,9587,124,1.28,0.86,9,374,749,1539,2410,6286,522,508
2026-09-27T08:09:41.75147697,"Generate OMRS Identifier",2395,2395,-,0,0.21,6,180,371,821,1300,3957,282,311
2026-09-27T08:09:41.75147697,"Send Patient Registration Request",2395,2395,-,0,0.21,24,762,1199,2068,3147,6962,887,661
2026-09-27T08:09:41.75147697,"Get patient admission note",14859,14859,-,0,1.31,4,189,361,742,1232,5348,265,270
2026-09-27T08:09:41.75147697,"Save a clinical form",1206,1206,-,0,0.11,23,837,1576,2901,4632,6926,1097,995
2026-09-27T08:09:41.75147697,"Update full filler status",4794,4794,-,0,0.42,7,145,292,678,933,3797,220,240
2026-09-27T08:09:41.75147697,"Dispense medication form submission",2381,2381,-,0,0.21,30,894,2045,3575,4842,7852,1270,1208
2026-09-27T08:09:41.75147697,"Submit Appointment StatusChange",1990,1990,-,0,0.18,8,196,418,988,1626,2479,306,319
2026-09-27T08:09:41.75147697,"Get Patient Encounters",1206,1206,-,0,0.11,13,4898,8210,11709,13863,18288,5200,3853
2026-09-27T08:09:41.75147697,"Get Lab Results of Patient",2412,2412,-,0,0.21,2,645,1457,3663,6172,9770,1077,1259
2026-09-27T08:09:41.75147697,"Get specific encounter details",2397,2397,-,0,0.21,6,113,263,655,1407,3772,205,270
2026-09-27T08:09:41.75147697,"Get Alkaline concept details",2397,2397,-,0,0.21,3,68,170,507,1326,2979,143,227
2026-09-27T08:09:41.75147697,"Update the specific encounter",2397,2397,-,0,0.21,21,510,1019,1928,3102,4932,698,653
2026-09-27T08:09:41.75147697,"Update the Lab Order Completion",2397,2397,-,0,0.21,17,444,884,1646,2725,4839,604,572
2026-09-27T08:09:41.75147697,"Get Visits With Diagnoses and Notes (new endpoint)",1206,1206,-,0,0.11,12,481,894,1644,2498,6099,614,567
2026-09-27T08:09:41.75147697,"Close medication",2381,2381,-,0,0.21,13,305,692,1401,2304,4055,474,488
2026-09-27T08:09:41.75147697,"Discontinue the drug order",2381,2381,-,0,0.21,21,478,958,1878,2425,4466,661,613
2026-09-27T08:09:41.75147697,"Get Drug Orders except the cancelled and expired",1206,1206,-,0,0.11,6,969,2068,4131,5645,7575,1388,1342
2026-09-27T08:09:41.75147697,"Get Drug Orders except the discontinued orders",1206,1206,-,0,0.11,5,974,2073,4081,5287,7103,1358,1296
2026-09-27T08:09:41.75147697,"Get Observation Tree Details",3618,3618,-,0,0.32,5,767,2970,7890,10347,15755,1987,2554
2026-09-27T08:09:41.75147697,"Search for Condition",2412,2412,-,0,0.21,12,301,470,895,1475,2526,361,287
2026-09-27T08:09:41.75147697,"Save Conditions",1206,1206,-,0,0.11,7,168,398,859,1525,6394,287,365
2026-09-27T08:09:41.75147697,"Get Immunizations of Patient",3618,3618,-,0,0.32,2,209,1490,4896,7449,12200,1076,1680
2026-09-27T08:09:41.75147697,"Get all immunizations",1206,1206,-,0,0.11,7,200,357,755,1493,3531,282,292
2026-09-27T08:09:41.75147697,"Submit Patient immunization",1206,1204,2,0.17,0.11,47,1839,3203,5027,6940,9828,2080,1669
2026-09-27T08:09:41.75147697,"Get Attachments of Patient",2412,2412,-,0,0.21,7,220,440,899,1369,3094,311,308
2026-09-27T08:09:41.75147697,"Get Allowed File Extensions",1206,1206,-,0,0.11,2,62,154,493,785,1430,124,168
2026-09-27T08:09:41.75147697,"Get Programs",2412,2412,-,0,0.21,8,254,449,822,1316,2402,322,279
2026-09-27T08:09:41.75147697,"Add new program to patient",1206,1206,-,0,0.11,8,256,527,1110,2158,5879,377,425
2026-09-27T08:09:41.75147697,"Complete the program",1206,1206,-,0,0.11,9,232,506,1047,1754,3727,357,373
2026-09-27T08:09:41.75147697,"Upload Attachment Request",1206,1206,-,0,0.11,465,2751,7339,12389,16064,18975,4680,3930
2026-09-27T08:09:41.75147697,"Save Visit Note",1206,1206,-,0,0.11,16,584,1130,2164,3405,6811,765,713
2026-09-27T08:09:41.75147697,"Save Patient Diagnosis",2412,2412,-,0,0.21,6,192,421,945,1498,2820,298,320
2026-09-28T08:11:05.962088199,"Login",23103,23103,-,0,2.04,4,85,226,661,1088,14528,179,372
2026-09-28T08:11:05.962088199,"Get locations",26276,26276,-,0,2.32,14,318,558,901,1285,5570,384,305
2026-09-28T08:11:05.962088199,"Select Location",23103,23103,-,0,2.04,2,37,153,589,3768,9720,120,226
2026-09-28T08:11:05.962088199,"Get Address Template",28155,28155,-,0,2.49,1,18,50,312,6635,9398,55,128
2026-09-28T08:11:05.962088199,"Get Relationship Types",28155,28155,-,0,2.49,2,35,93,385,587,10127,85,175
2026-09-28T08:11:05.962088199,"Get Appointments for Specific Date",23103,23103,-,0,2.04,2,27,78,269,718,9485,72,142
2026-09-28T08:11:05.962088199,"Get Module Information",30949,30949,-,0,2.73,1,24,53,319,1687,2166,59,118
2026-09-28T08:11:05.962088199,"Get Patient Identifier Types",28155,28155,-,0,2.49,2,35,81,327,811,3637,85,150
2026-09-28T08:11:05.962088199,"Get Primary Identifier Term Mapping",49678,49678,-,0,4.39,3,57,145,467,3058,10161,122,194
2026-09-28T08:11:05.962088199,"Get Identifier Source",51258,51258,-,0,4.53,2,46,137,419,1730,4075,110,181
2026-09-28T08:11:05.962088199,"Get Locations by Tag and Query",32882,32882,-,0,2.91,3,59,190,601,4924,9831,134,206
2026-09-28T08:11:05.962088199,"Get Visits",24246,24246,-,0,2.14,8,1052,2314,4335,5527,14419,1434,1437
2026-09-28T08:11:05.962088199,"Get Auto Generation Options",28155,28155,-,0,2.49,4,104,329,988,1191,10485,228,305
2026-09-28T08:11:05.962088199,"Get Queue Entry",28638,28638,-,0,2.53,2,1879,2973,4959,8867,19202,2123,1835
2026-09-28T08:11:05.962088199,"Get Visit Types",12573,12573,-,0,1.11,1,31,81,373,705,7304,83,191
2026-09-28T08:11:05.962088199,"Get Current Visit of Patient",22419,22419,-,0,1.98,3,1902,4747,10249,14715,35528,3172,3457
2026-09-28T08:11:05.962088199,"Get Visits of Patient",23754,23754,-,0,2.1,3,943,1974,3562,4925,13648,1291,1186
2026-09-28T08:11:05.962088199,"Get Program Enrollments of Patient",15435,15435,-,0,1.36,3,127,287,736,1000,3144,207,243
2026-09-28T08:11:05.962088199,"Get Visit Queue Entry",22350,22350,-,0,1.97,2,45,137,463,953,3578,113,182
2026-09-28T08:11:05.962088199,"Get Appointments of a Patient",12765,12765,-,0,1.13,2,25,62,335,2161,2827,63,125
2026-09-28T08:11:05.962088199,"Get Patient Summary Data",24638,24638,-,0,2.18,3,61,132,380,2740,9070,114,183
2026-09-28T08:11:05.962088199,"Get Active Visits of Patient",256575,256575,-,0,22.67,2,45,132,394,1022,10440,110,186
2026-09-28T08:11:05.962088199,"Get isVisitsEnabled",16185,16185,-,0,1.43,1,36,108,459,1897,3499,99,178
2026-09-28T08:11:05.962088199,"Get the status of patient death",241714,241714,-,0,21.36,1,34,83,324,803,10121,77,140
2026-09-28T08:11:05.962088199,"Get all the constraints on the vital concepts",16185,16185,-,0,1.43,3,59,135,444,899,3085,118,176
2026-09-28T08:11:05.962088199,"Get Patient Observations",47859,47859,-,0,4.23,1,587,2160,5304,7883,16944,1402,1833
2026-09-28T08:11:05.962088199,"Get Patient Conditions",18035,18035,-,0,1.59,1,402,1510,5216,7655,17351,1184,1824
2026-09-28T08:11:05.962088199,"Get Active Orders",15365,15365,-,0,1.36,3,316,1120,3227,4846,11787,800,1096
2026-09-28T08:11:05.962088199,"Get Admission Location Info",3676,3676,-,0,0.32,4,59,161,585,736,2980,129,200
2026-09-28T08:11:05.962088199,"Get Admission Info",3676,3676,-,0,0.32,18,378,932,2067,3396,7081,643,749
2026-09-28T08:11:05.962088199,"Get Inpatient Request",3676,3676,-,0,0.32,11,538,2168,18446,25803,36529,3190,5973
2026-09-28T08:11:05.962088199,"Get Orders of admitted patient by Activated Date",13941,13941,-,0,1.23,3,114,347,792,1294,3361,228,278
2026-09-28T08:11:05.962088199,"Get Patients",4445,4445,-,0,0.39,14,2794,6961,11295,13912,18220,4065,3834
2026-09-28T08:11:05.962088199,"Submit Visit Form",11430,11383,47,0.41,1.01,6,133,355,930,2421,15192,257,427
2026-09-28T08:11:05.962088199,"Get Locations That Support Visits",5588,5588,-,0,0.49,3,56,123,443,1433,2313,110,160
2026-09-28T08:11:05.962088199,"Get Beds for Patient",3676,3676,-,0,0.32,2,43,112,416,832,2229,99,164
2026-09-28T08:11:05.962088199,"Save Ward Encounter",9190,9190,-,0,0.81,9,303,763,2204,3333,15774,582,827
2026-09-28T08:11:05.962088199,"Get Order Types",2856,2856,-,0,0.25,2,31,71,431,612,1837,79,146
2026-09-28T08:11:05.962088199,"Save Vitals",3328,3328,-,0,0.29,39,1353,2702,4621,5880,16850,1711,1507
2026-09-28T08:11:05.962088199,"Get Vitals concept reference ranges",3676,3676,-,0,0.32,11,240,581,1383,2441,10575,418,537
2026-09-28T08:11:05.962088199,"Get Specific Visit Details",13095,13095,-,0,1.16,4,88,228,725,997,10285,178,274
2026-09-28T08:11:05.962088199,"Get Transfer Locations configuration data",3676,3676,-,0,0.32,41,1041,2682,5146,6762,12822,1692,1687
2026-09-28T08:11:05.962088199,"Search for Drug",5712,5712,-,0,0.5,1,31,93,334,879,5164,89,176
2026-09-28T08:11:05.962088199,"Save Drug Order",2856,2856,-,0,0.25,26,592,1250,2349,3423,10565,837,790
2026-09-28T08:11:05.962088199,"Get Transferable locations",3676,3676,-,0,0.32,27,304,506,847,1560,3979,361,295
2026-09-28T08:11:05.962088199,"Get Allergies of Patient",3328,3328,-,0,0.29,1,227,680,1472,2258,4802,447,525
2026-09-28T08:11:05.962088199,"Get Drug Allergens",3328,3328,-,0,0.29,18,361,545,928,1459,3440,404,303
2026-09-28T08:11:05.962088199,"Get Environment Allergens",3328,3328,-,0,0.29,15,293,446,789,1161,2414,333,258
2026-09-28T08:11:05.962088199,"Get Food Allergens",3328,3328,-,0,0.29,8,159,276,655,1279,10659,226,337
2026-09-28T08:11:05.962088199,"Get Allergic Reactions Allergens",3328,3328,-,0,0.29,10,208,347,704,1338,2513,262,230
2026-09-28T08:11:05.962088199,"Get medication request encounters",8568,8568,-,0,0.76,33,3936,9158,14950,18551,29314,5442,5094
2026-09-28T08:11:05.962088199,"Get patient age",55987,55987,-,0,4.95,2,43,90,403,656,10585,91,160
2026-09-28T08:11:05.962088199,"Get All Appointment Services(full)",3429,3429,-,0,0.3,2,42,102,356,774,2296,90,144
2026-09-28T08:11:05.962088199,"Get all patient lists",13172,13172,-,0,1.16,3,393,870,1483,2139,5314,545,507
2026-09-28T08:11:05.962088199,"Get Person Attribute Type",5052,5052,-,0,0.45,2,36,88,382,700,2122,85,145
2026-09-28T08:11:05.962088199,"Get all appointments for a specific day",2286,2286,-,0,0.2,2,25,74,325,1108,1518,67,121
2026-09-28T08:11:05.962088199,"Get the details of a orderType",2794,2794,-,0,0.25,2,35,95,403,1154,2229,97,175
2026-09-28T08:11:05.962088199,"Get all appointment summaries",2286,2286,-,0,0.2,8,128,308,684,915,2054,218,236
2026-09-28T08:11:05.962088199,"Get Ordered Address Hierarchy Levels",5052,5052,-,0,0.45,1,14,29,128,386,1828,35,88
2026-09-28T08:11:05.962088199,"Get all Lab order details",2794,2794,-,0,0.25,11,202,299,655,1052,2152,231,204
2026-09-28T08:11:05.962088199,"Get Appointment By Status",9144,9144,-,0,0.81,2,38,109,392,1005,3340,102,176
2026-09-28T08:11:05.962088199,"Add a lab order",2794,2794,-,0,0.25,15,336,839,1652,3176,15621,570,684
2026-09-28T08:11:05.962088199,"Get all default appointment services",2286,2286,-,0,0.2,2,39,101,348,1250,1917,93,160
2026-09-28T08:11:05.962088199,"Get all visits of the given location with date",2286,2286,-,0,0.2,16,1934,3718,6247,7966,11148,2395,2032
2026-09-28T08:11:05.962088199,"Get All Form Encounters",1335,1335,-,0,0.12,4,428,954,1680,2662,10541,618,611
2026-09-28T08:11:05.962088199,"Get All Forms",1335,1335,-,0,0.12,6,196,470,974,2044,3527,329,376
2026-09-28T08:11:05.962088199,"Get patient identification photo",229205,229205,-,0,20.25,2,52,137,573,703,4196,122,193
2026-09-28T08:11:05.962088199,"Get Person Attributes",2475,2475,-,0,0.22,2,42,92,364,804,1377,89,140
2026-09-28T08:11:05.962088199,"Get Patient Identifiers",2475,2475,-,0,0.22,2,52,139,548,685,1724,114,172
2026-09-28T08:11:05.962088199,"Get Relationships of Person",2475,2475,-,0,0.22,3,50,128,393,939,1882,110,169
2026-09-28T08:11:05.962088199,"Get Patient Allergy Intolerance",2856,2856,-,0,0.25,1,189,615,1423,2395,10341,407,534
2026-09-28T08:11:05.962088199,"Get Specific Medication Requests",11424,11424,-,0,1.01,16,525,1252,2836,3991,8834,866,946
2026-09-28T08:11:05.962088199,"Get Encounter With Visit and Diagnoses",2856,2856,-,0,0.25,4,72,185,540,1109,2309,145,201
2026-09-28T08:11:05.962088199,"Get All Providers",6855,6855,-,0,0.61,3,78,275,776,1695,10272,207,344
2026-09-28T08:11:05.962088199,"Create a patient list",3293,3293,-,0,0.29,6,128,337,747,1834,11498,249,382
2026-09-28T08:11:05.962088199,"Get queue entry number",1458,1458,-,0,0.13,1,9,19,128,311,1113,28,76
2026-09-28T08:11:05.962088199,"Submit visit queue entry",1464,1458,6,0.41,0.13,15,293,793,1673,2828,4610,530,597
2026-09-28T08:11:05.962088199,"Save an Allergy",3328,3328,-,0,0.29,11,268,597,1249,1964,14222,415,511
2026-09-28T08:11:05.962088199,"Get all active Lab orders",8382,8382,-,0,0.74,7,648,1927,4186,6251,10582,1236,1439
2026-09-28T08:11:05.962088199,"Get Lab Orders by full filler status",25146,25146,-,0,2.22,3,355,2151,10934,13257,24940,2052,3509
2026-09-28T08:11:05.962088199,"Get Clinical Form by UUID",1335,1335,-,0,0.12,6,130,248,564,1072,2633,196,213
2026-09-28T08:11:05.962088199,"Get Encounter Roles",1335,1335,-,0,0.12,2,34,86,410,670,2479,85,155
2026-09-28T08:11:05.962088199,"Get Latest FHIR Encounter",1335,1335,-,0,0.12,2,134,342,758,1298,2823,239,281
2026-09-28T08:11:05.962088199,"Get Encounter By UUID",1207,1207,-,0,0.11,8,174,369,865,1411,2802,273,287
2026-09-28T08:11:05.962088199,"Get Order Entry Config",2856,2856,-,0,0.25,20,433,691,1319,1796,3289,508,415
2026-09-28T08:11:05.962088199,"Get patient list details",3293,3293,-,0,0.29,3,57,159,618,932,2755,139,224
2026-09-28T08:11:05.962088199,"Fetch members of patient list",3293,3293,-,0,0.29,3,51,142,485,715,1993,118,175
2026-09-28T08:11:05.962088199,"Get ValueSet by UUID",8568,8568,-,0,0.76,6,301,768,2025,3086,12082,558,688
2026-09-28T08:11:05.962088199,"Get Medication Request by UUID",8568,8568,-,0,0.76,11,275,762,1693,3798,10746,510,576
2026-09-28T08:11:05.962088199,"Get Medication by UUID",2856,2856,-,0,0.25,2,23,46,261,762,2209,59,131
2026-09-28T08:11:05.962088199,"Search Medication by Code",2856,2856,-,0,0.25,4,62,124,424,638,1928,105,145
2026-09-28T08:11:05.962088199,"Get service concept set",1464,1464,-,0,0.13,2,34,98,498,696,1889,92,165
2026-09-28T08:11:05.962088199,"Get Concept",44946,44946,-,0,3.97,4,140,268,674,1238,10726,213,240
2026-09-28T08:11:05.962088199,"Submit new Service queue",1464,1464,-,0,0.13,8,134,399,1116,1779,3309,292,378
2026-09-28T08:11:05.962088199,"Get Locations Search Set",1838,1838,-,0,0.16,3,40,114,431,955,2637,108,191
2026-09-28T08:11:05.962088199,"Change the session location",1838,1838,-,0,0.16,3,45,166,552,1446,2347,134,216
2026-09-28T08:11:05.962088199,"Edit patient details",2475,2475,-,0,0.22,10,220,438,925,1527,2959,321,336
2026-09-28T08:11:05.962088199,"Check Appointment Conflicts",1143,1143,-,0,0.1,6,83,220,599,1434,8105,176,334
2026-09-28T08:11:05.962088199,"Create Appointment",1143,1143,-,0,0.1,11,162,323,680,1125,3444,235,255
2026-09-28T08:11:05.962088199,"Submit transition request",1464,1360,104,7.1,0.13,10,162,423,960,2838,15009,302,611
2026-09-28T08:11:05.962088199,"End Visit",11383,11197,186,1.63,1.01,8,265,588,1343,1996,13357,418,476
2026-09-28T08:11:05.962088199,"Generate OMRS Identifier",2577,2577,-,0,0.23,7,136,291,741,3099,15005,256,674
2026-09-28T08:11:05.962088199,"Send Patient Registration Request",2577,2577,-,0,0.23,20,587,905,1628,2578,5483,684,536
2026-09-28T08:11:05.962088199,"Get patient admission note",17038,17038,-,0,1.51,3,98,246,629,1029,4172,183,225
2026-09-28T08:11:05.962088199,"Update full filler status",5588,5588,-,0,0.49,6,108,226,557,1204,2806,178,219
2026-09-28T08:11:05.962088199,"Save a clinical form",1335,1335,-,0,0.12,20,645,1272,2323,3114,12607,845,875
2026-09-28T08:11:05.962088199,"Dispense medication form submission",2856,2856,-,0,0.25,23,588,1462,2846,4645,16341,950,1056
2026-09-28T08:11:05.962088199,"Submit Appointment StatusChange",2286,2286,-,0,0.2,7,135,319,818,1291,3746,235,283
2026-09-28T08:11:05.962088199,"Get Patient Encounters",1335,1335,-,0,0.12,10,3594,6201,9483,11373,16966,3904,3124
2026-09-28T08:11:05.962088199,"Get Lab Results of Patient",2670,2670,-,0,0.24,2,487,1078,2730,4612,7081,796,948
2026-09-28T08:11:05.962088199,"Get specific encounter details",2794,2794,-,0,0.25,4,79,212,585,1263,6030,162,256
2026-09-28T08:11:05.962088199,"Get Alkaline concept details",2794,2794,-,0,0.25,3,46,118,418,852,2580,108,172
2026-09-28T08:11:05.962088199,"Update the specific encounter",2794,2794,-,0,0.25,17,356,813,1515,3340,12537,546,633
2026-09-28T08:11:05.962088199,"Update the Lab Order Completion",2794,2794,-,0,0.25,15,306,674,1442,2589,16293,480,577
2026-09-28T08:11:05.962088199,"Get Visits With Diagnoses and Notes (new endpoint)",1335,1335,-,0,0.12,10,341,692,1293,2384,10151,475,528
2026-09-28T08:11:05.962088199,"Close medication",2856,2856,-,0,0.25,11,195,542,1203,2101,3869,379,447
2026-09-28T08:11:05.962088199,"Discontinue the drug order",2856,2856,-,0,0.25,17,339,771,1586,2243,15982,519,589
2026-09-28T08:11:05.962088199,"Get Drug Orders except the cancelled and expired",1335,1335,-,0,0.12,5,849,1927,3817,5331,7326,1250,1259
2026-09-28T08:11:05.962088199,"Get Drug Orders except the discontinued orders",1335,1335,-,0,0.12,4,877,1938,3749,5456,12813,1254,1281
2026-09-28T08:11:05.962088199,"Get Observation Tree Details",4005,4005,-,0,0.35,4,478,2139,5773,7910,12459,1418,1891
2026-09-28T08:11:05.962088199,"Search for Condition",2670,2670,-,0,0.24,11,221,362,837,1376,2907,284,273
2026-09-28T08:11:05.962088199,"Save Conditions",1335,1335,-,0,0.12,6,120,296,776,1665,2584,229,305
2026-09-28T08:11:05.962088199,"Get Immunizations of Patient",4005,4005,-,0,0.35,2,148,1183,4323,6413,10111,868,1403
2026-09-28T08:11:05.962088199,"Get all immunizations",1335,1335,-,0,0.12,7,137,281,644,1084,2043,207,221
2026-09-28T08:11:05.962088199,"Submit Patient immunization",1335,1330,5,0.37,0.12,18,1285,2466,4203,5651,17090,1574,1441
2026-09-28T08:11:05.962088199,"Get Attachments of Patient",2670,2670,-,0,0.24,6,157,345,786,1216,2832,248,275
2026-09-28T08:11:05.962088199,"Get Allowed File Extensions",1335,1335,-,0,0.12,2,38,108,366,847,1302,94,152
2026-09-28T08:11:05.962088199,"Get Programs",2670,2670,-,0,0.24,8,174,354,728,1201,9564,255,304
2026-09-28T08:11:05.962088199,"Add new program to patient",1335,1335,-,0,0.12,7,172,409,972,1561,14110,310,516
2026-09-28T08:11:05.962088199,"Complete the program",1335,1335,-,0,0.12,9,169,398,909,1719,2834,293,342
2026-09-28T08:11:05.962088199,"Upload Attachment Request",1335,1335,-,0,0.12,469,3359,7014,12465,17599,21902,4703,3989
2026-09-28T08:11:05.962088199,"Save Visit Note",1335,1335,-,0,0.12,14,398,856,1770,2356,3775,583,584
2026-09-28T08:11:05.962088199,"Save Patient Diagnosis",2670,2670,-,0,0.24,6,130,322,782,1404,15022,244,406
2026-09-29T08:35:19.081513966,"Login",21265,21265,-,0,1.88,4,99,271,669,1493,3824,199,275
2026-09-29T08:35:19.081513966,"Get locations",24178,24178,-,0,2.14,26,433,627,1065,1750,5368,470,356
2026-09-29T08:35:19.081513966,"Select Location",21265,21265,-,0,1.88,2,48,178,719,2757,3804,139,233
2026-09-29T08:35:19.081513966,"Get Address Template",25941,25941,-,0,2.29,1,21,60,362,2766,3602,63,142
2026-09-29T08:35:19.081513966,"Get Relationship Types",25941,25941,-,0,2.29,2,40,96,386,1039,3316,99,182
2026-09-29T08:35:19.081513966,"Get Appointments for Specific Date",21265,21265,-,0,1.88,2,31,94,314,712,4828,82,152
2026-09-29T08:35:19.081513966,"Get Module Information",28500,28500,-,0,2.52,1,27,64,203,792,2560,67,138
2026-09-29T08:35:19.081513966,"Get Patient Identifier Types",25941,25941,-,0,2.29,2,40,107,353,1045,3535,99,179
2026-09-29T08:35:19.081513966,"Get Primary Identifier Term Mapping",45635,45635,-,0,4.03,2,65,173,641,2349,3524,140,214
2026-09-29T08:35:19.081513966,"Get Identifier Source",47206,47206,-,0,4.17,2,53,155,559,2824,5607,125,211
2026-09-29T08:35:19.081513966,"Get Locations by Tag and Query",30206,30206,-,0,2.67,3,67,206,693,819,4577,163,247
2026-09-29T08:35:19.081513966,"Get Visits",22323,22323,-,0,1.97,8,1221,2701,4710,6253,12535,1680,1641
2026-09-29T08:35:19.081513966,"Get Auto Generation Options",25941,25941,-,0,2.29,5,128,395,994,1647,4530,281,368
2026-09-29T08:35:19.081513966,"Get Queue Entry",26322,26322,-,0,2.32,2,2073,3548,7482,9993,15487,2624,2260
2026-09-29T08:35:19.081513966,"Get Visit Types",11500,11500,-,0,1.02,2,35,96,368,1006,3270,92,177
2026-09-29T08:35:19.081513966,"Get Current Visit of Patient",20494,20494,-,0,1.81,3,2375,5656,12367,18489,43377,3802,4177
2026-09-29T08:35:19.081513966,"Get Visits of Patient",21743,21743,-,0,1.92,3,1118,2289,4181,5761,10607,1501,1374
2026-09-29T08:35:19.081513966,"Get Program Enrollments of Patient",14189,14189,-,0,1.25,3,145,330,778,1336,4033,231,284
2026-09-29T08:35:19.081513966,"Get Visit Queue Entry",20505,20505,-,0,1.81,2,53,153,616,2811,3845,131,218
2026-09-29T08:35:19.081513966,"Get Appointments of a Patient",11691,11691,-,0,1.03,2,28,69,277,645,2176,71,139
2026-09-29T08:35:19.081513966,"Get Patient Summary Data",22583,22583,-,0,1.99,3,73,163,579,2244,3296,131,193
2026-09-29T08:35:19.081513966,"Get Active Visits of Patient",233977,233977,-,0,20.66,2,52,175,520,2379,5989,128,217
2026-09-29T08:35:19.081513966,"Get isVisitsEnabled",14867,14867,-,0,1.31,2,44,143,477,1389,3142,117,201
2026-09-29T08:35:19.081513966,"Get the status of patient death",220263,220263,-,0,19.45,2,37,94,297,958,4883,89,168
2026-09-29T08:35:19.081513966,"Get all the constraints on the vital concepts",14867,14867,-,0,1.31,3,67,163,747,988,4052,138,211
2026-09-29T08:35:19.081513966,"Get Patient Observations",44055,44055,-,0,3.89,1,776,2603,6523,9278,17013,1723,2204
2026-09-29T08:35:19.081513966,"Get Patient Conditions",16616,16616,-,0,1.47,2,516,1910,6774,11170,19690,1483,2276
2026-09-29T08:35:19.081513966,"Get Active Orders",14118,14118,-,0,1.25,4,361,1188,3549,4490,10967,863,1170
2026-09-29T08:35:19.081513966,"Get Admission Location Info",3328,3328,-,0,0.29,4,65,187,587,1205,4191,150,231
2026-09-29T08:35:19.081513966,"Get Admission Info",3328,3328,-,0,0.29,21,466,1052,2017,3250,9636,709,770
2026-09-29T08:35:19.081513966,"Get Inpatient Request",3328,3328,-,0,0.29,14,509,2166,23856,30883,37269,3839,7435
2026-09-29T08:35:19.081513966,"Get Orders of admitted patient by Activated Date",14349,14349,-,0,1.27,4,136,296,770,2340,3985,223,270
2026-09-29T08:35:19.081513966,"Get Patients",4055,4055,-,0,0.36,14,3404,7871,12926,15901,21648,4714,4401
2026-09-29T08:35:19.081513966,"Submit Visit Form",10442,10410,32,0.31,0.92,7,147,399,891,3002,4895,278,354
2026-09-29T08:35:19.081513966,"Get Locations That Support Visits",5113,5113,-,0,0.45,3,61,141,538,773,2291,125,191
2026-09-29T08:35:19.081513966,"Get Beds for Patient",3328,3328,-,0,0.29,2,47,130,382,2373,3965,113,198
2026-09-29T08:35:19.081513966,"Save Ward Encounter",8320,8320,-,0,0.73,9,343,980,2587,4658,7272,693,893
2026-09-29T08:35:19.081513966,"Get Order Types",2579,2579,-,0,0.23,2,36,98,495,632,2830,94,180
2026-09-29T08:35:19.081513966,"Save Vitals",3055,3055,-,0,0.27,46,1611,3287,5470,6752,10329,2055,1776
2026-09-29T08:35:19.081513966,"Search for Drug",5158,5158,-,0,0.46,1,36,113,465,1319,2122,109,198
2026-09-29T08:35:19.081513966,"Save Drug Order",2579,2579,-,0,0.23,27,678,1399,2662,3692,6601,934,858
2026-09-29T08:35:19.081513966,"Get Vitals concept reference ranges",3328,3328,-,0,0.29,13,290,737,1685,2501,5739,494,571
2026-09-29T08:35:19.081513966,"Get Specific Visit Details",12070,12070,-,0,1.07,4,98,256,716,1582,3877,203,284
2026-09-29T08:35:19.081513966,"Get Transfer Locations configuration data",3328,3328,-,0,0.29,48,1380,3291,5942,7847,11151,2031,1971
2026-09-29T08:35:19.081513966,"Get Transferable locations",3328,3328,-,0,0.29,28,353,625,1081,1677,3369,429,361
2026-09-29T08:35:19.081513966,"Get Allergies of Patient",3055,3055,-,0,0.27,1,295,815,1788,3119,5046,545,644
2026-09-29T08:35:19.081513966,"Get Drug Allergens",3055,3055,-,0,0.27,20,426,597,1067,1508,3938,450,340
2026-09-29T08:35:19.081513966,"Get Environment Allergens",3055,3055,-,0,0.27,17,333,497,886,1331,3480,372,294
2026-09-29T08:35:19.081513966,"Get Food Allergens",3055,3055,-,0,0.27,9,181,312,798,1243,3646,247,260
2026-09-29T08:35:19.081513966,"Get Allergic Reactions Allergens",3055,3055,-,0,0.27,11,238,392,807,1555,3343,299,287
2026-09-29T08:35:19.081513966,"Get medication request encounters",7737,7737,-,0,0.68,42,4968,11413,18538,23697,30595,6858,6307
2026-09-29T08:35:19.081513966,"Get patient age",51110,51110,-,0,4.51,2,47,110,416,936,4138,105,181
2026-09-29T08:35:19.081513966,"Get all patient lists",12368,12368,-,0,1.09,3,459,943,1634,2278,4307,592,547
2026-09-29T08:35:19.081513966,"Get All Appointment Services(full)",3174,3174,-,0,0.28,3,48,116,430,1114,2405,112,193
2026-09-29T08:35:19.081513966,"Get all appointments for a specific day",2116,2116,-,0,0.19,2,29,88,302,695,1513,75,129
2026-09-29T08:35:19.081513966,"Get all appointment summaries",2116,2116,-,0,0.19,7,138,336,768,1352,2346,238,269
2026-09-29T08:35:19.081513966,"Get Person Attribute Type",4676,4676,-,0,0.41,2,39,111,443,1008,3412,104,186
2026-09-29T08:35:19.081513966,"Get Ordered Address Hierarchy Levels",4676,4676,-,0,0.41,1,16,34,189,234,2220,40,104
2026-09-29T08:35:19.081513966,"Get Appointment By Status",8464,8464,-,0,0.75,2,41,131,462,1324,5488,117,210
2026-09-29T08:35:19.081513966,"Get all default appointment services",2116,2116,-,0,0.19,2,47,120,345,1960,4091,99,172
2026-09-29T08:35:19.081513966,"Get all visits of the given location with date",2116,2116,-,0,0.19,13,2186,4132,6638,8736,13427,2630,2193
2026-09-29T08:35:19.081513966,"Get All Form Encounters",1249,1249,-,0,0.11,4,491,1032,1884,2620,3610,666,605
2026-09-29T08:35:19.081513966,"Get All Forms",1249,1249,-,0,0.11,7,225,566,1306,2043,4211,383,429
2026-09-29T08:35:19.081513966,"Get the details of a orderType",2559,2559,-,0,0.23,2,42,119,577,897,2734,113,206
2026-09-29T08:35:19.081513966,"Get all Lab order details",2559,2559,-,0,0.23,11,231,348,704,1109,3353,271,260
2026-09-29T08:35:19.081513966,"Add a lab order",2559,2559,-,0,0.23,17,428,952,2020,2942,4781,641,657
2026-09-29T08:35:19.081513966,"Get patient identification photo",208724,208724,-,0,18.43,3,59,164,680,4159,5756,143,231
2026-09-29T08:35:19.081513966,"Get Person Attributes",2246,2246,-,0,0.2,2,45,102,368,905,1811,98,161
2026-09-29T08:35:19.081513966,"Get Patient Identifiers",2246,2246,-,0,0.2,3,54,157,486,1215,2428,133,219
2026-09-29T08:35:19.081513966,"Get Relationships of Person",2246,2246,-,0,0.2,2,58,155,492,1101,2175,136,213
2026-09-29T08:35:19.081513966,"Get Patient Allergy Intolerance",2579,2579,-,0,0.23,1,247,731,1906,2651,6739,500,642
2026-09-29T08:35:19.081513966,"Get Specific Medication Requests",10316,10316,-,0,0.91,20,676,1542,3417,4647,11100,1054,1141
2026-09-29T08:35:19.081513966,"Get Encounter With Visit and Diagnoses",2579,2579,-,0,0.23,5,82,215,662,878,2335,161,237
2026-09-29T08:35:19.081513966,"Get All Providers",6216,6216,-,0,0.55,3,101,336,1037,1399,4504,245,357
2026-09-29T08:35:19.081513966,"Create a patient list",3092,3092,-,0,0.27,5,140,367,943,1736,3740,270,342
2026-09-29T08:35:19.081513966,"Get queue entry number",1330,1330,-,0,0.12,1,11,24,148,558,1260,34,95
2026-09-29T08:35:19.081513966,"Submit visit queue entry",1333,1330,3,0.23,0.12,18,328,855,1735,2987,4152,569,623
2026-09-29T08:35:19.081513966,"Save an Allergy",3055,3055,-,0,0.27,11,303,677,1338,2244,5579,458,470
2026-09-29T08:35:19.081513966,"Get Clinical Form by UUID",1249,1249,-,0,0.11,7,143,275,653,1401,5243,220,277
2026-09-29T08:35:19.081513966,"Get Encounter Roles",1249,1249,-,0,0.11,2,38,102,389,780,1713,95,167
2026-09-29T08:35:19.081513966,"Get Latest FHIR Encounter",1249,1249,-,0,0.11,3,145,386,869,1779,3763,270,330
2026-09-29T08:35:19.081513966,"Get Encounter By UUID",1123,1123,-,0,0.1,8,195,419,944,1705,3003,308,333
2026-09-29T08:35:19.081513966,"Get all active Lab orders",7677,7677,-,0,0.68,3,752,2133,4552,6438,8930,1371,1536
2026-09-29T08:35:19.081513966,"Get Lab Orders by full filler status",23031,23031,-,0,2.03,3,387,2551,12649,15660,23150,2344,4029
2026-09-29T08:35:19.081513966,"Get patient list details",3092,3092,-,0,0.27,3,63,183,587,1288,3131,154,242
2026-09-29T08:35:19.081513966,"Fetch members of patient list",3092,3092,-,0,0.27,2,57,175,592,988,3938,143,229
2026-09-29T08:35:19.081513966,"Get Order Entry Config",2579,2579,-,0,0.23,22,511,784,1434,2151,4140,583,477
2026-09-29T08:35:19.081513966,"Get ValueSet by UUID",7737,7737,-,0,0.68,8,348,927,2328,3720,6848,659,814
2026-09-29T08:35:19.081513966,"Get Medication Request by UUID",7737,7737,-,0,0.68,15,369,948,2009,2629,6091,617,665
2026-09-29T08:35:19.081513966,"Get service concept set",1333,1333,-,0,0.12,2,40,118,616,754,2280,111,212
2026-09-29T08:35:19.081513966,"Get Medication by UUID",2579,2579,-,0,0.23,2,29,56,336,484,2307,66,139
2026-09-29T08:35:19.081513966,"Get Concept",42185,42185,-,0,3.73,5,153,304,710,1326,4207,238,270
2026-09-29T08:35:19.081513966,"Submit new Service queue",1333,1333,-,0,0.12,8,157,458,1257,1527,3884,321,419
2026-09-29T08:35:19.081513966,"Search Medication by Code",2579,2579,-,0,0.23,5,78,138,424,1010,2427,126,180
2026-09-29T08:35:19.081513966,"Get Locations Search Set",1664,1664,-,0,0.15,3,54,161,540,1008,1957,130,204
2026-09-29T08:35:19.081513966,"Change the session location",1664,1664,-,0,0.15,3,60,214,730,890,2372,162,240
2026-09-29T08:35:19.081513966,"Edit patient details",2246,2246,-,0,0.2,10,245,489,1118,1672,4153,370,393
2026-09-29T08:35:19.081513966,"Check Appointment Conflicts",1058,1058,-,0,0.09,6,99,241,706,1165,2804,191,262
2026-09-29T08:35:19.081513966,"Create Appointment",1058,1058,-,0,0.09,11,176,342,779,1385,2222,253,262
2026-09-29T08:35:19.081513966,"Submit transition request",1333,1265,68,5.1,0.12,7,189,452,1149,1846,4131,326,403
2026-09-29T08:35:19.081513966,"End Visit",10410,10221,189,1.82,0.92,8,295,653,1373,2208,4920,450,478
2026-09-29T08:35:19.081513966,"Generate OMRS Identifier",2430,2430,-,0,0.21,7,148,313,796,1495,4509,252,319
2026-09-29T08:35:19.081513966,"Send Patient Registration Request",2430,2430,-,0,0.21,20,699,1067,1964,2721,4548,798,611
2026-09-29T08:35:19.081513966,"Save a clinical form",1249,1249,-,0,0.11,23,697,1497,2780,4490,6897,998,967
2026-09-29T08:35:19.081513966,"Get patient admission note",14878,14878,-,0,1.31,3,120,301,791,1664,3841,235,307
2026-09-29T08:35:19.081513966,"Update full filler status",5118,5118,-,0,0.45,6,122,250,697,956,3357,194,240
2026-09-29T08:35:19.081513966,"Dispense medication form submission",2579,2579,-,0,0.23,27,711,1779,3490,5057,8316,1137,1172
2026-09-29T08:35:19.081513966,"Submit Appointment StatusChange",2116,2116,-,0,0.19,7,156,361,883,1709,3829,268,328
2026-09-29T08:35:19.081513966,"Get Patient Encounters",1249,1249,-,0,0.11,13,4206,7429,11307,13970,17447,4667,3743
2026-09-29T08:35:19.081513966,"Get Lab Results of Patient",2498,2498,-,0,0.22,2,574,1267,3272,5666,9810,945,1155
2026-09-29T08:35:19.081513966,"Get specific encounter details",2559,2559,-,0,0.23,5,89,238,684,1067,4076,180,267
2026-09-29T08:35:19.081513966,"Get Alkaline concept details",2559,2559,-,0,0.23,3,52,130,557,927,2368,121,197
2026-09-29T08:35:19.081513966,"Update the specific encounter",2559,2559,-,0,0.23,19,397,902,1774,2716,4243,602,601
2026-09-29T08:35:19.081513966,"Update the Lab Order Completion",2559,2559,-,0,0.23,15,352,764,1664,2257,6330,535,585
2026-09-29T08:35:19.081513966,"Get Visits With Diagnoses and Notes (new endpoint)",1249,1249,-,0,0.11,10,380,809,1562,2658,4551,552,562
2026-09-29T08:35:19.081513966,"Close medication",2579,2579,-,0,0.23,12,232,618,1423,2340,3975,423,486
2026-09-29T08:35:19.081513966,"Discontinue the drug order",2579,2579,-,0,0.23,19,393,852,1975,2709,6206,599,636
2026-09-29T08:35:19.081513966,"Get Drug Orders except the cancelled and expired",1249,1249,-,0,0.11,6,921,2072,4139,5494,6999,1352,1342
2026-09-29T08:35:19.081513966,"Get Drug Orders except the discontinued orders",1249,1249,-,0,0.11,5,884,2091,4097,5462,8011,1342,1340
2026-09-29T08:35:19.081513966,"Get Observation Tree Details",3747,3747,-,0,0.33,4,647,2627,7047,9641,15477,1755,2310
2026-09-29T08:35:19.081513966,"Search for Condition",2498,2498,-,0,0.22,12,260,393,859,1472,3519,323,307
2026-09-29T08:35:19.081513966,"Save Conditions",1249,1249,-,0,0.11,6,134,345,900,1622,2734,254,315
2026-09-29T08:35:19.081513966,"Get Immunizations of Patient",3747,3747,-,0,0.33,2,172,1308,4461,7389,11620,983,1586
2026-09-29T08:35:19.081513966,"Get all immunizations",1249,1249,-,0,0.11,7,157,328,786,1521,3062,251,291
2026-09-29T08:35:19.081513966,"Submit Patient immunization",1249,1241,8,0.64,0.11,42,1566,2933,4715,6094,9476,1840,1562
2026-09-29T08:35:19.081513966,"Get Attachments of Patient",2498,2498,-,0,0.22,6,185,394,851,1585,2814,283,308
2026-09-29T08:35:19.081513966,"Get Allowed File Extensions",1249,1249,-,0,0.11,2,43,113,447,772,2067,107,183
2026-09-29T08:35:19.081513966,"Get Programs",2498,2498,-,0,0.22,9,194,382,776,1499,3668,276,283
2026-09-29T08:35:19.081513966,"Add new program to patient",1249,1249,-,0,0.11,7,191,480,1179,2132,4432,339,421
2026-09-29T08:35:19.081513966,"Complete the program",1249,1249,-,0,0.11,9,192,462,1117,2023,3895,338,408
2026-09-29T08:35:19.081513966,"Upload Attachment Request",1249,1247,2,0.16,0.11,31,3924,8405,15311,18909,27848,5506,4767
2026-09-29T08:35:19.081513966,"Save Visit Note",1249,1249,-,0,0.11,14,483,967,1886,2953,5061,652,631
2026-09-29T08:35:19.081513966,"Save Patient Diagnosis",2498,2498,-,0,0.22,5,142,385,877,1670,3718,272,334
2026-09-30T08:23:22.154266012,"Login",20225,20225,-,0,1.79,5,122,297,773,1712,5036,229,302
2026-09-30T08:23:22.154266012,"Get locations",22971,22971,-,0,2.03,23,497,707,1207,1984,4277,536,380
2026-09-30T08:23:22.154266012,"Select Location",20225,20225,-,0,1.79,2,59,200,797,864,4737,163,258
2026-09-30T08:23:22.154266012,"Get Address Template",24765,24765,-,0,2.19,1,25,76,397,2674,3486,74,148
2026-09-30T08:23:22.154266012,"Get Relationship Types",24765,24765,-,0,2.19,2,48,124,424,1156,3877,115,201
2026-09-30T08:23:22.154266012,"Get Appointments for Specific Date",20225,20225,-,0,1.79,2,38,128,398,1346,2805,97,162
2026-09-30T08:23:22.154266012,"Get Module Information",27152,27152,-,0,2.4,1,32,85,366,1580,3516,79,158
2026-09-30T08:23:22.154266012,"Get Patient Identifier Types",24765,24765,-,0,2.19,2,49,136,410,2502,4033,116,203
2026-09-30T08:23:22.154266012,"Get Primary Identifier Term Mapping",43344,43344,-,0,3.83,2,80,195,608,1891,4153,164,244
2026-09-30T08:23:22.154266012,"Get Identifier Source",44990,44990,-,0,3.97,2,63,175,645,2463,3448,148,236
2026-09-30T08:23:22.154266012,"Get Locations by Tag and Query",28567,28567,-,0,2.52,3,90,261,720,1063,4031,190,271
2026-09-30T08:23:22.154266012,"Get Visits",21210,21210,-,0,1.87,9,1509,3164,5359,6904,14134,1965,1852
2026-09-30T08:23:22.154266012,"Get Auto Generation Options",24765,24765,-,0,2.19,5,175,459,1065,2159,5659,328,413
2026-09-30T08:23:22.154266012,"Get Queue Entry",24963,24963,-,0,2.2,3,1605,2776,5788,9339,15913,2050,1920
2026-09-30T08:23:22.154266012,"Get Visit Types",10729,10729,-,0,0.95,2,41,125,523,2095,3490,107,193
2026-09-30T08:23:22.154266012,"Get Current Visit of Patient",19131,19131,-,0,1.69,3,2811,6557,13766,19769,47296,4401,4625
2026-09-30T08:23:22.154266012,"Get Visits of Patient",20329,20329,-,0,1.79,3,1364,2598,4626,6223,11578,1725,1502
2026-09-30T08:23:22.154266012,"Get Program Enrollments of Patient",13338,13338,-,0,1.18,3,167,370,904,1371,6529,267,320
2026-09-30T08:23:22.154266012,"Get Visit Queue Entry",19365,19365,-,0,1.71,3,71,193,564,1361,4051,156,243
2026-09-30T08:23:22.154266012,"Get Appointments of a Patient",10942,10942,-,0,0.97,2,35,87,275,854,2955,83,151
2026-09-30T08:23:22.154266012,"Get Patient Summary Data",21361,21361,-,0,1.89,3,86,174,497,1295,4596,153,220
2026-09-30T08:23:22.154266012,"Get Active Visits of Patient",218432,218432,-,0,19.28,2,63,187,618,2795,6268,149,242
2026-09-30T08:23:22.154266012,"Get isVisitsEnabled",14126,14126,-,0,1.25,2,55,183,507,2889,5615,139,233
2026-09-30T08:23:22.154266012,"Get the status of patient death",205533,205533,-,0,18.14,2,44,123,520,2593,4421,103,186
2026-09-30T08:23:22.154266012,"Get all the constraints on the vital concepts",14126,14126,-,0,1.25,3,86,184,580,1337,5366,162,244
2026-09-30T08:23:22.154266012,"Get Patient Observations",41996,41996,-,0,3.71,1,901,2975,7300,9764,18017,1947,2471
2026-09-30T08:23:22.154266012,"Get Patient Conditions",15801,15801,-,0,1.39,2,582,2102,7511,12081,23303,1703,2656
2026-09-30T08:23:22.154266012,"Get Active Orders",13405,13405,-,0,1.18,4,427,1301,3612,5117,10201,927,1213
2026-09-30T08:23:22.154266012,"Get Admission Location Info",3096,3096,-,0,0.27,4,79,212,644,1536,3409,172,259
2026-09-30T08:23:22.154266012,"Get Admission Info",3096,3096,-,0,0.27,20,521,1269,2620,4373,10219,880,1004
2026-09-30T08:23:22.154266012,"Get Inpatient Request",3096,3096,-,0,0.27,14,701,2967,27275,37346,42393,4065,8198
2026-09-30T08:23:22.154266012,"Get Orders of admitted patient by Activated Date",13230,13230,-,0,1.17,4,212,430,984,1648,4233,309,324
2026-09-30T08:23:22.154266012,"Get Patients",3784,3784,-,0,0.33,14,3948,8979,14639,17397,22329,5366,4888
2026-09-30T08:23:22.154266012,"Submit Visit Form",9744,9705,39,0.4,0.86,6,188,443,1255,1662,5220,326,403
2026-09-30T08:23:22.154266012,"Get Locations That Support Visits",4769,4769,-,0,0.42,3,75,188,539,1555,2587,149,209
2026-09-30T08:23:22.154266012,"Get Beds for Patient",3096,3096,-,0,0.27,3,60,156,618,864,3066,135,222
2026-09-30T08:23:22.154266012,"Save Ward Encounter",7740,7740,-,0,0.68,10,417,1056,2902,4930,12092,797,1017
2026-09-30T08:23:22.154266012,"Get Order Types",2375,2375,-,0,0.21,2,42,120,431,660,2678,99,169
2026-09-30T08:23:22.154266012,"Save Vitals",2905,2905,-,0,0.26,53,2043,3691,6140,8273,13523,2397,2019
2026-09-30T08:23:22.154266012,"Get Vitals concept reference ranges",3096,3096,-,0,0.27,13,359,866,1851,2823,7990,574,632
2026-09-30T08:23:22.154266012,"Get Specific Visit Details",11440,11440,-,0,1.01,4,123,315,827,1357,4043,234,305
2026-09-30T08:23:22.154266012,"Get Transfer Locations configuration data",3096,3096,-,0,0.27,53,1561,3682,6643,8511,14630,2307,2200
2026-09-30T08:23:22.154266012,"Search for Drug",4750,4750,-,0,0.42,2,43,125,525,895,2365,115,204
2026-09-30T08:23:22.154266012,"Save Drug Order",2375,2375,-,0,0.21,28,824,1576,2900,4191,6872,1060,947
2026-09-30T08:23:22.154266012,"Get Transferable locations",3096,3096,-,0,0.27,29,386,695,1140,1733,4150,478,401
2026-09-30T08:23:22.154266012,"Get Allergies of Patient",2905,2905,-,0,0.26,2,342,904,2096,2833,6771,613,714
2026-09-30T08:23:22.154266012,"Get Drug Allergens",2905,2905,-,0,0.26,21,486,683,1117,1725,4940,516,361
2026-09-30T08:23:22.154266012,"Get Environment Allergens",2905,2905,-,0,0.26,18,409,588,1071,1634,3282,445,335
2026-09-30T08:23:22.154266012,"Get Food Allergens",2905,2905,-,0,0.26,9,221,371,793,1511,3340,292,296
2026-09-30T08:23:22.154266012,"Get Allergic Reactions Allergens",2905,2905,-,0,0.26,12,290,443,909,1831,2982,350,314
2026-09-30T08:23:22.154266012,"Get medication request encounters",7125,7125,-,0,0.63,45,5909,13210,21645,26727,37366,8144,7337
2026-09-30T08:23:22.154266012,"Get patient age",47119,47119,-,0,4.16,2,58,136,486,912,4489,123,202
2026-09-30T08:23:22.154266012,"Get all patient lists",12144,12144,-,0,1.07,3,552,1111,1840,2379,4898,696,617
2026-09-30T08:23:22.154266012,"Get All Appointment Services(full)",2955,2955,-,0,0.26,3,58,145,440,1052,2022,122,185
2026-09-30T08:23:22.154266012,"Get Person Attribute Type",4540,4540,-,0,0.4,2,47,143,449,2117,3266,120,209
2026-09-30T08:23:22.154266012,"Get all appointments for a specific day",1970,1970,-,0,0.17,2,34,106,316,1288,3715,86,153
2026-09-30T08:23:22.154266012,"Get all appointment summaries",1970,1970,-,0,0.17,8,180,407,797,1412,2273,279,283
2026-09-30T08:23:22.154266012,"Get Ordered Address Hierarchy Levels",4540,4540,-,0,0.4,1,18,41,187,923,2205,46,104
2026-09-30T08:23:22.154266012,"Get Appointment By Status",7880,7880,-,0,0.7,2,55,155,545,1148,4070,138,230
2026-09-30T08:23:22.154266012,"Get all default appointment services",1970,1970,-,0,0.17,3,54,134,416,1030,4262,121,210
2026-09-30T08:23:22.154266012,"Get all visits of the given location with date",1970,1970,-,0,0.17,19,2568,4768,7698,9436,15948,3062,2453
2026-09-30T08:23:22.154266012,"Get All Form Encounters",1198,1198,-,0,0.11,5,633,1175,1929,2536,4535,758,648
2026-09-30T08:23:22.154266012,"Get All Forms",1198,1198,-,0,0.11,7,292,628,1491,2261,3495,442,483
2026-09-30T08:23:22.154266012,"Get the details of a orderType",2387,2387,-,0,0.21,2,50,143,474,1107,2136,123,199
2026-09-30T08:23:22.154266012,"Get all Lab order details",2387,2387,-,0,0.21,11,273,394,755,1183,3318,302,254
2026-09-30T08:23:22.154266012,"Add a lab order",2387,2387,-,0,0.21,17,500,1036,2058,3179,5134,719,710
2026-09-30T08:23:22.154266012,"Get patient identification photo",194503,194503,-,0,17.17,3,74,197,589,1463,5509,166,258
2026-09-30T08:23:22.154266012,"Get Person Attributes",2147,2147,-,0,0.19,2,55,126,452,854,2498,115,185
2026-09-30T08:23:22.154266012,"Get Patient Identifiers",2147,2147,-,0,0.19,3,70,190,580,1552,2762,158,246
2026-09-30T08:23:22.154266012,"Get Relationships of Person",2147,2147,-,0,0.19,3,71,179,551,1193,2487,151,229
2026-09-30T08:23:22.154266012,"Get Patient Allergy Intolerance",2375,2375,-,0,0.21,1,286,848,2189,2947,6455,584,747
2026-09-30T08:23:22.154266012,"Get Specific Medication Requests",9500,9500,-,0,0.84,21,765,1775,4135,5397,9856,1226,1285
2026-09-30T08:23:22.154266012,"Get Encounter With Visit and Diagnoses",2375,2375,-,0,0.21,5,99,255,662,1361,2668,190,253
2026-09-30T08:23:22.154266012,"Get All Providers",5735,5735,-,0,0.51,4,131,412,1047,1640,5266,285,388
2026-09-30T08:23:22.154266012,"Create a patient list",3036,3036,-,0,0.27,5,180,440,1004,1559,4003,307,354
2026-09-30T08:23:22.154266012,"Get queue entry number",1247,1247,-,0,0.11,1,13,31,111,524,2971,33,113
2026-09-30T08:23:22.154266012,"Submit visit queue entry",1251,1247,4,0.32,0.11,15,330,804,1535,2419,4255,533,557
2026-09-30T08:23:22.154266012,"Save an Allergy",2905,2905,-,0,0.26,12,365,790,1457,2693,6885,529,539
2026-09-30T08:23:22.154266012,"Get Clinical Form by UUID",1198,1198,-,0,0.11,7,172,320,786,1539,4420,256,298
2026-09-30T08:23:22.154266012,"Get Encounter Roles",1198,1198,-,0,0.11,2,52,137,440,868,2351,120,198
2026-09-30T08:23:22.154266012,"Get Latest FHIR Encounter",1198,1198,-,0,0.11,2,188,423,973,1902,4060,310,364
2026-09-30T08:23:22.154266012,"Get all active Lab orders",7161,7161,-,0,0.63,4,918,2454,5090,7213,14143,1588,1756
2026-09-30T08:23:22.154266012,"Get Lab Orders by full filler status",21483,21483,-,0,1.9,3,472,2927,13375,17467,26960,2675,4479
2026-09-30T08:23:22.154266012,"Get Encounter By UUID",1070,1070,-,0,0.09,8,252,453,973,1878,3383,343,347
2026-09-30T08:23:22.154266012,"Get patient list details",3036,3036,-,0,0.27,3,80,214,682,1597,4067,182,284
2026-09-30T08:23:22.154266012,"Fetch members of patient list",3036,3036,-,0,0.27,2,74,213,643,1403,4509,169,262
2026-09-30T08:23:22.154266012,"Get Order Entry Config",2375,2375,-,0,0.21,24,599,897,1675,2833,5182,668,545
2026-09-30T08:23:22.154266012,"Get ValueSet by UUID",7125,7125,-,0,0.63,8,408,1050,2637,3985,7848,750,902
2026-09-30T08:23:22.154266012,"Get Medication Request by UUID",7125,7125,-,0,0.63,17,447,1072,2159,3982,6945,717,757
2026-09-30T08:23:22.154266012,"Get Medication by UUID",2375,2375,-,0,0.21,2,34,72,371,580,3067,75,147
2026-09-30T08:23:22.154266012,"Search Medication by Code",2375,2375,-,0,0.21,5,93,171,434,1023,1938,140,173
2026-09-30T08:23:22.154266012,"Get service concept set",1251,1251,-,0,0.11,2,46,139,520,1433,2041,127,216
2026-09-30T08:23:22.154266012,"Get Concept",41341,41341,-,0,3.65,5,181,345,787,1248,5426,270,294
2026-09-30T08:23:22.154266012,"Submit new Service queue",1251,1251,-,0,0.11,9,189,549,1131,1933,4471,363,418
2026-09-30T08:23:22.154266012,"Get Locations Search Set",1548,1548,-,0,0.14,3,62,183,562,1454,5606,155,268
2026-09-30T08:23:22.154266012,"Change the session location",1548,1548,-,0,0.14,3,73,250,830,1218,2639,187,267
2026-09-30T08:23:22.154266012,"Edit patient details",2147,2147,-,0,0.19,11,299,572,1268,2207,5690,426,433
2026-09-30T08:23:22.154266012,"Check Appointment Conflicts",985,985,-,0,0.09,6,125,303,752,1278,2915,222,279
2026-09-30T08:23:22.154266012,"Create Appointment",985,985,-,0,0.09,12,217,403,855,1434,2396,303,299
2026-09-30T08:23:22.154266012,"Submit transition request",1251,1190,61,4.88,0.11,11,235,534,1113,2091,4813,368,409
2026-09-30T08:23:22.154266012,"End Visit",9705,9506,199,2.05,0.86,8,353,765,1648,2619,5176,529,540
2026-09-30T08:23:22.154266012,"Generate OMRS Identifier",2393,2393,-,0,0.21,7,167,355,933,1576,4747,281,336
2026-09-30T08:23:22.154266012,"Send Patient Registration Request",2393,2393,-,0,0.21,20,779,1208,2292,3465,5989,921,703
2026-09-30T08:23:22.154266012,"Get patient admission note",12873,12873,-,0,1.14,3,144,351,878,1551,5736,260,325
2026-09-30T08:23:22.154266012,"Save a clinical form",1198,1198,-,0,0.11,22,901,1721,3174,4277,5902,1141,1005
2026-09-30T08:23:22.154266012,"Update full filler status",4774,4774,-,0,0.42,6,147,296,739,1258,3137,231,269
2026-09-30T08:23:22.154266012,"Dispense medication form submission",2375,2375,-,0,0.21,28,888,2052,3766,5256,9572,1288,1271
2026-09-30T08:23:22.154266012,"Submit Appointment StatusChange",1970,1970,-,0,0.17,7,180,388,945,1497,2584,298,336
2026-09-30T08:23:22.154266012,"Get Patient Encounters",1198,1198,-,0,0.11,15,5140,8458,12504,15126,20436,5410,4078
2026-09-30T08:23:22.154266012,"Get Lab Results of Patient",2396,2396,-,0,0.21,2,699,1455,3849,5998,11144,1113,1326
2026-09-30T08:23:22.154266012,"Get specific encounter details",2387,2387,-,0,0.21,5,106,273,706,1259,4378,213,298
2026-09-30T08:23:22.154266012,"Get Alkaline concept details",2387,2387,-,0,0.21,3,61,164,482,1114,2007,133,200
2026-09-30T08:23:22.154266012,"Update the specific encounter",2387,2387,-,0,0.21,20,497,1038,2058,3411,7119,708,695
2026-09-30T08:23:22.154266012,"Update the Lab Order Completion",2387,2387,-,0,0.21,16,427,881,1786,2987,4478,609,604
2026-09-30T08:23:22.154266012,"Get Visits With Diagnoses and Notes (new endpoint)",1198,1198,-,0,0.11,10,477,898,1693,2564,4535,614,575
2026-09-30T08:23:22.154266012,"Close medication",2375,2375,-,0,0.21,13,300,727,1514,2918,5044,497,571
2026-09-30T08:23:22.154266012,"Discontinue the drug order",2375,2375,-,0,0.21,19,472,969,1870,2768,5149,669,644
2026-09-30T08:23:22.154266012,"Get Drug Orders except the cancelled and expired",1198,1198,-,0,0.11,6,1008,2129,4228,5548,11221,1418,1381
2026-09-30T08:23:22.154266012,"Get Drug Orders except the discontinued orders",1198,1198,-,0,0.11,4,1022,2085,4155,5529,9292,1389,1330
2026-09-30T08:23:22.154266012,"Get Observation Tree Details",3594,3594,-,0,0.32,4,778,3094,8187,10515,18897,2017,2611
2026-09-30T08:23:22.154266012,"Search for Condition",2396,2396,-,0,0.21,13,295,450,886,1754,3336,360,320
2026-09-30T08:23:22.154266012,"Save Conditions",1198,1198,-,0,0.11,6,163,398,936,1837,2867,291,346
2026-09-30T08:23:22.154266012,"Get Immunizations of Patient",3594,3594,-,0,0.32,2,205,1561,5279,7923,13454,1100,1760
2026-09-30T08:23:22.154266012,"Get all immunizations",1198,1198,-,0,0.11,7,191,346,876,1701,4466,288,335
2026-09-30T08:23:22.154266012,"Submit Patient immunization",1198,1196,2,0.17,0.11,44,1803,3326,5536,7629,14280,2158,1862
2026-09-30T08:23:22.154266012,"Get Attachments of Patient",2396,2396,-,0,0.21,6,212,434,936,1726,4297,319,351
2026-09-30T08:23:22.154266012,"Get Allowed File Extensions",1198,1198,-,0,0.11,2,52,135,565,824,1306,122,185
2026-09-30T08:23:22.154266012,"Get Programs",2396,2396,-,0,0.21,8,226,430,859,1432,3087,307,287
2026-09-30T08:23:22.154266012,"Add new program to patient",1198,1198,-,0,0.11,8,236,553,1240,2333,4958,394,458
2026-09-30T08:23:22.154266012,"Complete the program",1198,1198,-,0,0.11,9,236,504,1059,2014,3119,363,399
2026-09-30T08:23:22.154266012,"Upload Attachment Request",1198,1196,2,0.17,0.11,23,3167,7855,14366,19317,25883,5204,4581
2026-09-30T08:23:22.154266012,"Save Visit Note",1198,1198,-,0,0.11,15,579,1100,2159,3415,5911,761,732
2026-09-30T08:23:22.154266012,"Save Patient Diagnosis",2396,2396,-,0,0.21,6,190,418,1005,1631,3631,307,355
2026-10-01T08:38:41.329874867,"Login",20551,20551,-,0,1.81,5,120,291,686,1298,3920,219,270
2026-10-01T08:38:41.329874867,"Get locations",23359,23359,-,0,2.06,27,497,689,1116,1873,4754,520,358
2026-10-01T08:38:41.329874867,"Select Location",20551,20551,-,0,1.81,2,68,202,561,1255,3141,156,230
2026-10-01T08:38:41.329874867,"Get Address Template",25137,25137,-,0,2.22,1,26,79,342,548,2938,72,138
2026-10-01T08:38:41.329874867,"Get Relationship Types",25137,25137,-,0,2.22,2,47,133,412,970,3325,108,174
2026-10-01T08:38:41.329874867,"Get Appointments for Specific Date",20551,20551,-,0,1.81,2,43,131,280,2645,4101,95,146
2026-10-01T08:38:41.329874867,"Get Module Information",27569,27569,-,0,2.43,1,30,77,345,385,4401,73,137
2026-10-01T08:38:41.329874867,"Get Patient Identifier Types",25137,25137,-,0,2.22,2,50,133,421,1784,4737,107,176
2026-10-01T08:38:41.329874867,"Get Primary Identifier Term Mapping",44076,44076,-,0,3.89,3,77,201,557,1400,4089,155,222
2026-10-01T08:38:41.329874867,"Get Identifier Source",45688,45688,-,0,4.03,2,63,177,479,1108,3963,137,206
2026-10-01T08:38:41.329874867,"Get Locations by Tag and Query",29096,29096,-,0,2.57,3,94,236,736,3906,5376,183,247
2026-10-01T08:38:41.329874867,"Get Visits",21559,21559,-,0,1.9,8,1367,2992,5149,6227,15854,1837,1717
2026-10-01T08:38:41.329874867,"Get Auto Generation Options",25137,25137,-,0,2.22,5,177,482,1112,3004,4909,309,365
2026-10-01T08:38:41.329874867,"Get Queue Entry",25405,25405,-,0,2.24,3,1720,2995,6073,12919,17130,2264,2226
2026-10-01T08:38:41.329874867,"Get Visit Types",10977,10977,-,0,0.97,2,41,122,513,2732,4378,102,184
2026-10-01T08:38:41.329874867,"Get Current Visit of Patient",19546,19546,-,0,1.73,4,2660,6210,13362,19205,40351,4196,4462
2026-10-01T08:38:41.329874867,"Get Visits of Patient",20763,20763,-,0,1.83,3,1303,2537,4375,5959,10364,1657,1436
2026-10-01T08:38:41.329874867,"Get Program Enrollments of Patient",13620,13620,-,0,1.2,3,167,361,830,1199,3479,253,280
2026-10-01T08:38:41.329874867,"Get Visit Queue Entry",19715,19715,-,0,1.74,3,73,188,470,1098,4680,145,205
2026-10-01T08:38:41.329874867,"Get Appointments of a Patient",11186,11186,-,0,0.99,2,35,89,321,598,1979,79,134
2026-10-01T08:38:41.329874867,"Get Patient Summary Data",21747,21747,-,0,1.92,3,84,179,478,1113,3446,142,190
2026-10-01T08:38:41.329874867,"Get Active Visits of Patient",223942,223942,-,0,19.78,2,64,196,554,1263,5507,141,215
2026-10-01T08:38:41.329874867,"Get isVisitsEnabled",14370,14370,-,0,1.27,2,53,171,472,1237,2741,130,203
2026-10-01T08:38:41.329874867,"Get the status of patient death",210761,210761,-,0,18.61,2,44,119,330,919,4685,98,164
2026-10-01T08:38:41.329874867,"Get all the constraints on the vital concepts",14370,14370,-,0,1.27,3,84,186,481,1199,3880,155,212
2026-10-01T08:38:41.329874867,"Get Patient Observations",42652,42652,-,0,3.77,1,875,2868,7185,9494,19977,1865,2358
2026-10-01T08:38:41.329874867,"Get Patient Conditions",16061,16061,-,0,1.42,2,578,2067,7678,12542,20836,1662,2559
2026-10-01T08:38:41.329874867,"Get Active Orders",13627,13627,-,0,1.2,4,400,1317,3366,5042,10359,898,1182
2026-10-01T08:38:41.329874867,"Get Admission Location Info",3182,3182,-,0,0.28,4,76,211,590,1519,2957,166,236
2026-10-01T08:38:41.329874867,"Get Admission Info",3182,3182,-,0,0.28,21,515,1164,2168,5275,9473,791,879
2026-10-01T08:38:41.329874867,"Get Inpatient Request",3182,3182,-,0,0.28,13,854,2752,26316,34746,41103,4315,8116
2026-10-01T08:38:41.329874867,"Get Orders of admitted patient by Activated Date",11226,11226,-,0,0.99,3,161,368,883,2708,4587,263,301
2026-10-01T08:38:41.329874867,"Get Patients",3881,3881,-,0,0.34,11,3735,8599,13896,16660,22947,5103,4645
2026-10-01T08:38:41.329874867,"Submit Visit Form",9969,9933,36,0.36,0.88,7,178,428,1091,1516,5032,305,357
2026-10-01T08:38:41.329874867,"Get Locations That Support Visits",4889,4889,-,0,0.43,3,73,172,576,901,3736,143,207
2026-10-01T08:38:41.329874867,"Get Beds for Patient",3182,3182,-,0,0.28,3,57,151,487,1133,1542,119,165
2026-10-01T08:38:41.329874867,"Save Ward Encounter",7955,7955,-,0,0.7,10,380,986,2708,4013,9352,734,932
2026-10-01T08:38:41.329874867,"Get Order Types",2439,2439,-,0,0.22,2,40,105,394,1779,2845,98,169
2026-10-01T08:38:41.329874867,"Save Vitals",2953,2953,-,0,0.26,54,1934,3615,5796,7122,10040,2296,1913
2026-10-01T08:38:41.329874867,"Get Vitals concept reference ranges",3182,3182,-,0,0.28,13,334,741,1724,2821,6469,525,581
2026-10-01T08:38:41.329874867,"Get Specific Visit Details",11669,11669,-,0,1.03,4,128,296,815,2840,4690,218,276
2026-10-01T08:38:41.329874867,"Get Transfer Locations configuration data",3182,3182,-,0,0.28,53,1446,3511,6267,8624,12258,2187,2125
2026-10-01T08:38:41.329874867,"Get Transferable locations",3182,3182,-,0,0.28,28,346,631,1073,1785,3446,431,360
2026-10-01T08:38:41.329874867,"Search for Drug",4878,4878,-,0,0.43,2,42,135,483,1497,2768,117,201
2026-10-01T08:38:41.329874867,"Save Drug Order",2439,2439,-,0,0.22,29,774,1561,2787,3937,6467,1031,929
2026-10-01T08:38:41.329874867,"Get Allergies of Patient",2953,2953,-,0,0.26,2,335,922,2189,3005,5904,602,683
2026-10-01T08:38:41.329874867,"Get Drug Allergens",2953,2953,-,0,0.26,21,479,675,1076,1472,3196,504,341
2026-10-01T08:38:41.329874867,"Get Environment Allergens",2953,2953,-,0,0.26,19,398,562,943,1463,3059,428,318
2026-10-01T08:38:41.329874867,"Get Food Allergens",2953,2953,-,0,0.26,10,220,358,756,1233,3870,279,271
2026-10-01T08:38:41.329874867,"Get Allergic Reactions Allergens",2953,2953,-,0,0.26,12,284,454,867,1214,2038,335,271
2026-10-01T08:38:41.329874867,"Get all patient lists",12172,12172,-,0,1.07,3,541,1125,1781,2411,4252,691,600
2026-10-01T08:38:41.329874867,"Get Person Attribute Type",4586,4586,-,0,0.4,2,49,133,412,2117,3849,110,177
2026-10-01T08:38:41.329874867,"Get All Appointment Services(full)",3024,3024,-,0,0.27,3,61,142,428,741,3358,119,180
2026-10-01T08:38:41.329874867,"Get Ordered Address Hierarchy Levels",4586,4586,-,0,0.4,1,18,40,206,1730,2798,45,106
2026-10-01T08:38:41.329874867,"Get all appointments for a specific day",2016,2016,-,0,0.18,2,38,118,341,773,2709,92,145
2026-10-01T08:38:41.329874867,"Get all appointment summaries",2016,2016,-,0,0.18,8,176,396,760,1192,1693,264,255
2026-10-01T08:38:41.329874867,"Get Appointment By Status",8064,8064,-,0,0.71,2,59,176,498,1184,3240,136,211
2026-10-01T08:38:41.329874867,"Get all default appointment services",2016,2016,-,0,0.18,3,56,133,386,763,2998,113,187
2026-10-01T08:38:41.329874867,"Get all visits of the given location with date",2016,2016,-,0,0.18,16,2400,4259,6920,9098,12466,2810,2239
2026-10-01T08:38:41.329874867,"Get All Form Encounters",1217,1217,-,0,0.11,5,593,1191,1936,2520,4217,750,635
2026-10-01T08:38:41.329874867,"Get All Forms",1217,1217,-,0,0.11,7,295,619,1263,2162,6759,425,459
2026-10-01T08:38:41.329874867,"Get medication request encounters",7317,7317,-,0,0.65,46,5868,12799,21123,26688,37187,7789,7139
2026-10-01T08:38:41.329874867,"Get the details of a orderType",2432,2432,-,0,0.21,2,48,153,549,810,3680,127,221
2026-10-01T08:38:41.329874867,"Get all Lab order details",2432,2432,-,0,0.21,11,262,387,718,1420,4145,297,265
2026-10-01T08:38:41.329874867,"Add a lab order",2432,2432,-,0,0.21,18,485,1048,1942,2946,6336,700,695
2026-10-01T08:38:41.329874867,"Get patient age",48207,48207,-,0,4.26,2,56,129,452,812,5120,115,174
2026-10-01T08:38:41.329874867,"Get patient identification photo",199573,199573,-,0,17.62,3,73,197,666,4576,6739,157,227
2026-10-01T08:38:41.329874867,"Create a patient list",3043,3043,-,0,0.27,5,189,434,879,1778,3519,297,333
2026-10-01T08:38:41.329874867,"Get queue entry number",1277,1277,-,0,0.11,1,12,25,151,620,1744,33,86
2026-10-01T08:38:41.329874867,"Submit visit queue entry",1282,1277,5,0.39,0.11,15,355,827,1660,2612,4501,548,603
2026-10-01T08:38:41.329874867,"Get All Providers",5886,5886,-,0,0.52,4,124,397,879,2513,4576,266,349
2026-10-01T08:38:41.329874867,"Get Person Attributes",2174,2174,-,0,0.19,2,54,137,405,943,1982,112,164
2026-10-01T08:38:41.329874867,"Get Patient Identifiers",2174,2174,-,0,0.19,3,71,168,489,1529,3213,139,199
2026-10-01T08:38:41.329874867,"Get Relationships of Person",2174,2174,-,0,0.19,3,76,194,577,893,1652,145,191
2026-10-01T08:38:41.329874867,"Get Patient Allergy Intolerance",2439,2439,-,0,0.22,1,260,806,1689,2649,4789,522,631
2026-10-01T08:38:41.329874867,"Get Specific Medication Requests",9756,9756,-,0,0.86,22,729,1702,3673,5250,11886,1153,1190
2026-10-01T08:38:41.329874867,"Get Encounter With Visit and Diagnoses",2439,2439,-,0,0.22,5,100,255,582,1271,4652,181,245
2026-10-01T08:38:41.329874867,"Save an Allergy",2953,2953,-,0,0.26,11,367,750,1389,2226,4516,509,492
2026-10-01T08:38:41.329874867,"Get Clinical Form by UUID",1217,1217,-,0,0.11,8,173,309,648,1148,2791,239,249
2026-10-01T08:38:41.329874867,"Get Encounter Roles",1217,1217,-,0,0.11,2,49,140,430,833,2470,115,187
2026-10-01T08:38:41.329874867,"Get Latest FHIR Encounter",1217,1217,-,0,0.11,2,194,426,858,1486,2440,287,298
2026-10-01T08:38:41.329874867,"Get Encounter By UUID",1089,1089,-,0,0.1,9,257,475,934,1560,3589,347,331
2026-10-01T08:38:41.329874867,"Get all active Lab orders",7296,7296,-,0,0.64,4,878,2553,5513,7621,12017,1636,1877
2026-10-01T08:38:41.329874867,"Get Lab Orders by full filler status",21888,21888,-,0,1.93,3,457,3010,13030,17568,25271,2563,4247
2026-10-01T08:38:41.329874867,"Get patient list details",3043,3043,-,0,0.27,3,79,222,588,1335,3394,168,233
2026-10-01T08:38:41.329874867,"Fetch members of patient list",3043,3043,-,0,0.27,3,80,216,626,1047,2510,163,219
2026-10-01T08:38:41.329874867,"Get service concept set",1282,1282,-,0,0.11,3,48,154,474,1169,1664,126,201
2026-10-01T08:38:41.329874867,"Get Concept",41408,41408,-,0,3.66,5,191,337,730,1778,4042,261,263
2026-10-01T08:38:41.329874867,"Submit new Service queue",1282,1282,-,0,0.11,8,197,531,1286,2023,5051,364,446
2026-10-01T08:38:41.329874867,"Get Order Entry Config",2439,2439,-,0,0.22,23,570,820,1446,2587,5094,613,483
2026-10-01T08:38:41.329874867,"Get ValueSet by UUID",7317,7317,-,0,0.65,8,399,1014,2541,3590,7731,720,848
2026-10-01T08:38:41.329874867,"Get Medication Request by UUID",7317,7317,-,0,0.65,17,438,1072,2008,3098,5054,689,701
2026-10-01T08:38:41.329874867,"Get Medication by UUID",2439,2439,-,0,0.22,2,33,71,341,805,2619,71,131
2026-10-01T08:38:41.329874867,"Search Medication by Code",2439,2439,-,0,0.22,5,90,156,450,878,2211,137,185
2026-10-01T08:38:41.329874867,"Get Locations Search Set",1591,1591,-,0,0.14,3,65,171,638,964,2508,147,228
2026-10-01T08:38:41.329874867,"Change the session location",1591,1591,-,0,0.14,3,72,247,728,1165,2817,187,272
2026-10-01T08:38:41.329874867,"Check Appointment Conflicts",1008,1008,-,0,0.09,5,125,301,818,1625,3345,221,297
2026-10-01T08:38:41.329874867,"Create Appointment",1008,1008,-,0,0.09,11,201,387,784,1200,3755,283,299
2026-10-01T08:38:41.329874867,"Edit patient details",2174,2174,-,0,0.19,11,285,558,1136,2163,5908,407,416
2026-10-01T08:38:41.329874867,"Submit transition request",1282,1191,91,7.1,0.11,7,220,524,1099,1891,3467,352,386
2026-10-01T08:38:41.329874867,"End Visit",9933,9737,196,1.97,0.88,8,354,739,1463,2355,5677,506,500
2026-10-01T08:38:41.329874867,"Generate OMRS Identifier",2412,2412,-,0,0.21,7,170,358,811,1309,3174,270,293
2026-10-01T08:38:41.329874867,"Send Patient Registration Request",2412,2412,-,0,0.21,22,718,1147,2070,3134,5397,853,661
2026-10-01T08:38:41.329874867,"Save a clinical form",1217,1217,-,0,0.11,24,859,1541,2707,3871,6780,1053,907
2026-10-01T08:38:41.329874867,"Get patient admission note",14795,14795,-,0,1.31,3,172,334,729,1318,4034,248,274
2026-10-01T08:38:41.329874867,"Update full filler status",4864,4864,-,0,0.43,6,145,282,632,1591,3185,217,248
2026-10-01T08:38:41.329874867,"Dispense medication form submission",2439,2439,-,0,0.22,29,838,1954,3621,4988,9013,1254,1237
2026-10-01T08:38:41.329874867,"Submit Appointment StatusChange",2016,2016,-,0,0.18,7,182,399,886,1619,3295,288,316
2026-10-01T08:38:41.329874867,"Get Patient Encounters",1217,1217,-,0,0.11,13,4825,8215,11705,14104,16562,5116,3791
2026-10-01T08:38:41.329874867,"Get Lab Results of Patient",2434,2434,-,0,0.21,2,652,1409,3611,5665,10602,1047,1211
2026-10-01T08:38:41.329874867,"Get specific encounter details",2432,2432,-,0,0.21,6,111,284,618,1215,3918,196,240
2026-10-01T08:38:41.329874867,"Get Alkaline concept details",2432,2432,-,0,0.21,3,62,164,545,928,4334,136,213
2026-10-01T08:38:41.329874867,"Update the specific encounter",2432,2432,-,0,0.21,20,493,1020,1881,3084,7334,672,650
2026-10-01T08:38:41.329874867,"Update the Lab Order Completion",2432,2432,-,0,0.21,16,399,882,1579,2956,5888,575,574
2026-10-01T08:38:41.329874867,"Get Visits With Diagnoses and Notes (new endpoint)",1217,1217,-,0,0.11,10,492,869,1640,2424,6351,610,560
2026-10-01T08:38:41.329874867,"Close medication",2439,2439,-,0,0.22,12,281,672,1500,2380,4401,466,515
2026-10-01T08:38:41.329874867,"Discontinue the drug order",2439,2439,-,0,0.22,20,453,928,1838,2661,4699,638,610
2026-10-01T08:38:41.329874867,"Get Drug Orders except the cancelled and expired",1217,1217,-,0,0.11,5,1014,2108,3929,5844,11846,1392,1356
2026-10-01T08:38:41.329874867,"Get Drug Orders except the discontinued orders",1217,1217,-,0,0.11,5,1035,2223,4092,5723,10733,1432,1408
2026-10-01T08:38:41.329874867,"Get Observation Tree Details",3651,3651,-,0,0.32,5,759,2956,7610,10278,17114,1956,2521
2026-10-01T08:38:41.329874867,"Search for Condition",2434,2434,-,0,0.21,12,302,466,945,1645,3900,361,312
2026-10-01T08:38:41.329874867,"Save Conditions",1217,1217,-,0,0.11,7,179,403,896,1533,2785,282,314
2026-10-01T08:38:41.329874867,"Get Immunizations of Patient",3651,3651,-,0,0.32,2,207,1400,4384,6479,11037,1036,1625
2026-10-01T08:38:41.329874867,"Get all immunizations",1217,1217,-,0,0.11,7,194,330,768,1351,2144,261,250
2026-10-01T08:38:41.329874867,"Submit Patient immunization",1217,1215,2,0.16,0.11,14,1748,3237,4898,6487,10375,2039,1686
2026-10-01T08:38:41.329874867,"Get Attachments of Patient",2434,2434,-,0,0.21,6,202,412,918,1450,2620,297,302
2026-10-01T08:38:41.329874867,"Get Allowed File Extensions",1217,1217,-,0,0.11,2,53,135,524,1021,2276,122,201
2026-10-01T08:38:41.329874867,"Get Programs",2434,2434,-,0,0.21,8,236,432,843,1540,3616,313,290
2026-10-01T08:38:41.329874867,"Add new program to patient",1217,1217,-,0,0.11,8,228,517,1061,1754,3878,353,381
2026-10-01T08:38:41.329874867,"Complete the program",1217,1217,-,0,0.11,9,238,481,1047,1800,4536,347,383
2026-10-01T08:38:41.329874867,"Upload Attachment Request",1217,1216,1,0.08,0.11,195,2492,7224,17680,23763,31768,5073,5351
2026-10-01T08:38:41.329874867,"Save Visit Note",1217,1217,-,0,0.11,15,551,1121,2051,3385,5731,737,711
2026-10-01T08:38:41.329874867,"Save Patient Diagnosis",2434,2434,-,0,0.21,6,186,408,974,1550,3167,297,345
2026-10-02T08:26:18.845069736,"Login",22583,22583,-,0,2,4,94,214,1059,2896,7612,255,494
2026-10-02T08:26:18.845069736,"Get locations",25518,25518,-,0,2.26,26,574,910,2300,4446,11543,748,812
2026-10-02T08:26:18.845069736,"Select Location",22583,22583,-,0,2,1,31,98,1032,1658,6586,169,424
2026-10-02T08:26:18.845069736,"Get Address Template",27555,27555,-,0,2.44,0,7,14,56,632,1609,12,23
2026-10-02T08:26:18.845069736,"Get Relationship Types",27555,27555,-,0,2.44,1,32,63,504,1477,7093,95,258
2026-10-02T08:26:18.845069736,"Get Appointments for Specific Date",22583,22583,-,0,2,1,31,64,607,4664,7518,95,254
2026-10-02T08:26:18.845069736,"Get Module Information",30721,30721,-,0,2.72,0,10,22,57,296,497,17,23
2026-10-02T08:26:18.845069736,"Get Patient Identifier Types",27555,27555,-,0,2.44,1,34,67,575,4995,8447,98,264
2026-10-02T08:26:18.845069736,"Get Primary Identifier Term Mapping",48357,48357,-,0,4.28,2,64,160,1148,6831,9643,187,409
2026-10-02T08:26:18.845069736,"Get Identifier Source",50138,50138,-,0,4.43,1,45,99,780,2319,9903,161,379
2026-10-02T08:26:18.845069736,"Get Locations by Tag and Query",31658,31658,-,0,2.8,3,60,175,1287,1455,11488,224,485
2026-10-02T08:26:18.845069736,"Get Visits",23683,23683,-,0,2.09,5,422,777,2009,3775,8671,605,714
2026-10-02T08:26:18.845069736,"Get Auto Generation Options",27555,27555,-,0,2.44,4,116,593,2331,4183,13673,495,889
2026-10-02T08:26:18.845069736,"Get Queue Entry",28075,28075,-,0,2.48,2,1471,2597,5068,7517,21569,1851,1664
2026-10-02T08:26:18.845069736,"Get Visit Types",12241,12241,-,0,1.08,1,27,57,368,1647,10028,94,284
2026-10-02T08:26:18.845069736,"Get Current Visit of Patient",22149,22149,-,0,1.96,2,1089,1961,4278,7201,15612,1456,1480
2026-10-02T08:26:18.845069736,"Get Visits of Patient",23402,23402,-,0,2.07,2,687,1158,2423,4237,13669,873,866
2026-10-02T08:26:18.845069736,"Get Program Enrollments of Patient",14900,14900,-,0,1.32,2,148,326,1469,1933,13212,312,545
2026-10-02T08:26:18.845069736,"Get Visit Queue Entry",22075,22075,-,0,1.95,2,49,114,1054,5020,7810,173,410
2026-10-02T08:26:18.845069736,"Get Appointments of a Patient",12394,12394,-,0,1.1,1,25,50,584,826,7753,83,241
2026-10-02T08:26:18.845069736,"Get Patient Summary Data",24030,24030,-,0,2.13,3,75,152,1059,1984,8625,203,431
2026-10-02T08:26:18.845069736,"Get Active Visits of Patient",245174,245174,-,0,21.69,1,43,111,870,5339,9034,144,361
2026-10-02T08:26:18.845069736,"Get isVisitsEnabled",16068,16068,-,0,1.42,1,38,83,800,2621,10136,161,411
2026-10-02T08:26:18.845069736,"Get the status of patient death",231207,231207,-,0,20.45,1,29,58,412,1309,10572,78,224
2026-10-02T08:26:18.845069736,"Get all the constraints on the vital concepts",16068,16068,-,0,1.42,2,68,130,1040,5235,7967,183,402
2026-10-02T08:26:18.845069736,"Get Patient Observations",48102,48102,-,0,4.25,1,622,1453,2894,4391,11230,935,1029
2026-10-02T08:26:18.845069736,"Get Patient Conditions",17686,17686,-,0,1.56,2,363,1077,2814,4374,10575,752,969
2026-10-02T08:26:18.845069736,"Get Active Orders",15180,15180,-,0,1.34,3,421,969,2423,5416,10413,693,894
2026-10-02T08:26:18.845069736,"Get Admission Location Info",3364,3364,-,0,0.3,4,63,142,1163,1552,4832,193,415
2026-10-02T08:26:18.845069736,"Get Admission Info",3364,3364,-,0,0.3,19,434,803,1901,2639,9453,614,680
2026-10-02T08:26:18.845069736,"Get Inpatient Request",3364,3364,-,0,0.3,12,401,1629,10288,15851,27690,1837,3326
2026-10-02T08:26:18.845069736,"Get Orders of admitted patient by Activated Date",13772,13772,-,0,1.22,3,133,309,1440,3288,9352,322,587
2026-10-02T08:26:18.845069736,"Get Patients",4246,4246,-,0,0.38,9,1299,2542,4282,5425,9780,1601,1461
2026-10-02T08:26:18.845069736,"Submit Visit Form",11141,11099,42,0.38,0.99,5,148,503,2416,3462,11290,451,804
2026-10-02T08:26:18.845069736,"Get Locations That Support Visits",5346,5346,-,0,0.47,3,57,102,715,2989,5411,148,341
2026-10-02T08:26:18.845069736,"Get Order Types",2476,2476,-,0,0.22,1,26,54,390,1122,2747,77,201
2026-10-02T08:26:18.845069736,"Get Beds for Patient",3364,3364,-,0,0.3,2,41,83,925,3870,5348,134,354
2026-10-02T08:26:18.845069736,"Save Ward Encounter",8410,8410,-,0,0.74,8,279,1221,5413,9704,21164,1137,2051
2026-10-02T08:26:18.845069736,"Save Vitals",3313,3313,-,0,0.29,50,2208,6575,14807,21237,37269,4208,4876
2026-10-02T08:26:18.845069736,"Search for Drug",4952,4952,-,0,0.44,1,26,59,785,5039,6988,111,332
2026-10-02T08:26:18.845069736,"Save Drug Order",2476,2476,-,0,0.22,27,642,1761,5848,9697,14272,1425,1965
2026-10-02T08:26:18.845069736,"Get Vitals concept reference ranges",3364,3364,-,0,0.3,12,286,974,4319,5825,10346,842,1357
2026-10-02T08:26:18.845069736,"Get Specific Visit Details",12735,12735,-,0,1.13,3,79,162,924,1861,10716,191,393
2026-10-02T08:26:18.845069736,"Get Transfer Locations configuration data",3364,3364,-,0,0.3,48,1091,4375,12979,18235,27817,3216,4424
2026-10-02T08:26:18.845069736,"Get Transferable locations",3364,3364,-,0,0.3,29,601,1090,2213,3527,7869,773,784
2026-10-02T08:26:18.845069736,"Get Allergies of Patient",3313,3313,-,0,0.29,1,218,436,1479,2974,7059,392,590
2026-10-02T08:26:18.845069736,"Get Drug Allergens",3313,3313,-,0,0.29,20,562,806,1586,3059,6132,627,552
2026-10-02T08:26:18.845069736,"Get Environment Allergens",3313,3313,-,0,0.29,17,467,663,1442,2790,5136,534,504
2026-10-02T08:26:18.845069736,"Get Food Allergens",3313,3313,-,0,0.29,9,226,361,1016,1751,4716,327,417
2026-10-02T08:26:18.845069736,"Get Allergic Reactions Allergens",3313,3313,-,0,0.29,11,308,466,1233,2808,5948,403,476
2026-10-02T08:26:18.845069736,"Get the details of a orderType",3166,3166,-,0,0.28,1,39,88,928,1992,5448,152,380
2026-10-02T08:26:18.845069736,"Get all Lab order details",3166,3166,-,0,0.28,10,319,471,1317,2639,5659,407,475
2026-10-02T08:26:18.845069736,"Add a lab order",3166,3166,-,0,0.28,17,601,1952,4987,7595,14126,1358,1772
2026-10-02T08:26:18.845069736,"Get All Form Encounters",1253,1253,-,0,0.11,4,574,1179,2979,5354,11396,906,1107
2026-10-02T08:26:18.845069736,"Get All Forms",1253,1253,-,0,0.11,7,224,812,2922,4902,8287,669,1021
2026-10-02T08:26:18.845069736,"Get medication request encounters",7428,7428,-,0,0.66,37,3369,13918,41013,61059,93783,10207,14005
2026-10-02T08:26:18.845069736,"Get patient age",48326,48326,-,0,4.27,1,38,67,479,4759,7967,88,233
2026-10-02T08:26:18.845069736,"Get All Appointment Services(full)",3300,3300,-,0,0.29,2,47,94,802,2065,10997,147,394
2026-10-02T08:26:18.845069736,"Get all appointments for a specific day",2200,2200,-,0,0.19,5,90,156,773,2071,4950,181,350
2026-10-02T08:26:18.845069736,"Get all appointment summaries",2200,2200,-,0,0.19,7,139,337,1383,2882,5789,330,543
2026-10-02T08:26:18.845069736,"Get all patient lists",12628,12628,-,0,1.12,3,603,1194,2153,3331,10357,783,817
2026-10-02T08:26:18.845069736,"Get Appointment By Status",8800,8800,-,0,0.78,1,36,92,660,876,6475,110,271
2026-10-02T08:26:18.845069736,"Get Person Attribute Type",4972,4972,-,0,0.44,1,33,63,533,1594,5484,101,276
2026-10-02T08:26:18.845069736,"Get Ordered Address Hierarchy Levels",4972,4972,-,0,0.44,1,19,37,497,1402,5893,85,273
2026-10-02T08:26:18.845069736,"Get all default appointment services",2200,2200,-,0,0.19,2,44,89,912,1642,4040,148,346
2026-10-02T08:26:18.845069736,"Get all visits of the given location with date",2200,2200,-,0,0.19,10,1735,3185,5241,6902,10143,2032,1740
2026-10-02T08:26:18.845069736,"Get Patient Allergy Intolerance",2476,2476,-,0,0.22,1,161,351,1357,2563,7962,314,562
2026-10-02T08:26:18.845069736,"Get patient identification photo",218503,218503,-,0,19.33,2,54,127,837,2432,10332,183,435
2026-10-02T08:26:18.845069736,"Get Specific Medication Requests",9904,9904,-,0,0.88,20,554,1909,6659,10461,19481,1557,2363
2026-10-02T08:26:18.845069736,"Get Person Attributes",2557,2557,-,0,0.23,2,40,71,501,1661,7830,106,303
2026-10-02T08:26:18.845069736,"Get Patient Identifiers",2557,2557,-,0,0.23,2,53,117,791,2269,4533,178,403
2026-10-02T08:26:18.845069736,"Get Relationships of Person",2557,2557,-,0,0.23,2,54,113,1152,1761,4936,176,403
2026-10-02T08:26:18.845069736,"Get Encounter With Visit and Diagnoses",2476,2476,-,0,0.22,4,74,141,722,3548,9022,164,367
2026-10-02T08:26:18.845069736,"Get All Providers",6052,6052,-,0,0.54,1,34,96,436,1841,6021,119,303
2026-10-02T08:26:18.845069736,"Create a patient list",3157,3157,-,0,0.28,5,131,479,1808,3696,8111,418,689
2026-10-02T08:26:18.845069736,"Get queue entry number",1460,1460,-,0,0.13,0,6,13,37,113,225,11,17
2026-10-02T08:26:18.845069736,"Submit visit queue entry",1464,1460,4,0.27,0.13,12,228,614,2396,4725,7141,550,895
2026-10-02T08:26:18.845069736,"Save an Allergy",3313,3313,-,0,0.29,11,316,966,3182,5445,11009,757,1091
2026-10-02T08:26:18.845069736,"Get all active Lab orders",9498,9498,-,0,0.84,6,487,1020,2115,3969,12187,707,777
2026-10-02T08:26:18.845069736,"Get Clinical Form by UUID",1253,1253,-,0,0.11,8,159,306,1296,2351,5586,316,502
2026-10-02T08:26:18.845069736,"Get Lab Orders by full filler status",28494,28494,-,0,2.52,2,311,1899,5846,6836,11927,1281,1855
2026-10-02T08:26:18.845069736,"Get Encounter Roles",1253,1253,-,0,0.11,1,31,57,416,793,2664,89,227
2026-10-02T08:26:18.845069736,"Get Latest FHIR Encounter",1253,1253,-,0,0.11,2,140,394,1565,2991,5003,352,571
2026-10-02T08:26:18.845069736,"Get Encounter By UUID",1125,1125,-,0,0.1,8,156,282,1019,2154,5050,282,422
2026-10-02T08:26:18.845069736,"Get Order Entry Config",2476,2476,-,0,0.22,22,612,1045,2915,5022,12075,828,983
2026-10-02T08:26:18.845069736,"Get ValueSet by UUID",7428,7428,-,0,0.66,8,331,1196,4693,8673,19381,1050,1801
2026-10-02T08:26:18.845069736,"Get Medication Request by UUID",7428,7428,-,0,0.66,16,287,1065,4067,12976,20837,929,1521
2026-10-02T08:26:18.845069736,"Get Medication by UUID",2476,2476,-,0,0.22,2,30,63,431,1953,4693,110,314
2026-10-02T08:26:18.845069736,"Search Medication by Code",2476,2476,-,0,0.22,5,84,156,1027,1641,5907,198,397
2026-10-02T08:26:18.845069736,"Get patient list details",3157,3157,-,0,0.28,2,55,135,1075,2190,5296,191,407
2026-10-02T08:26:18.845069736,"Fetch members of patient list",3157,3157,-,0,0.28,2,41,73,581,1448,4149,105,256
2026-10-02T08:26:18.845069736,"Get service concept set",1464,1464,-,0,0.13,2,31,68,913,3026,4200,130,372
2026-10-02T08:26:18.845069736,"Get Concept",44182,44182,-,0,3.91,4,171,313,1208,3003,6907,313,473
2026-10-02T08:26:18.845069736,"Submit new Service queue",1464,1464,-,0,0.13,7,138,418,1677,3836,7544,414,762
2026-10-02T08:26:18.845069736,"Get Locations Search Set",1682,1682,-,0,0.15,3,58,208,1441,3208,8899,270,608
2026-10-02T08:26:18.845069736,"Change the session location",1682,1682,-,0,0.15,3,44,138,1275,2343,7654,220,549
2026-10-02T08:26:18.845069736,"Edit patient details",2557,2557,-,0,0.23,9,257,528,1766,3041,6419,479,677
2026-10-02T08:26:18.845069736,"Check Appointment Conflicts",1100,1100,-,0,0.1,5,104,267,1298,3440,7280,302,594
2026-10-02T08:26:18.845069736,"Create Appointment",1100,1100,-,0,0.1,9,166,256,961,2415,11382,265,531
2026-10-02T08:26:18.845069736,"Update full filler status",6332,6332,-,0,0.56,6,147,265,1094,3628,5854,268,435
2026-10-02T08:26:18.845069736,"Save a clinical form",1253,1253,-,0,0.11,22,937,2574,6759,10535,18688,1821,2282
2026-10-02T08:26:18.845069736,"Submit transition request",1464,1278,186,12.7,0.13,7,189,446,1795,3394,7608,432,726
2026-10-02T08:26:18.845069736,"End Visit",11099,10799,300,2.7,0.98,7,305,816,2874,4510,9421,662,957
2026-10-02T08:26:18.845069736,"Get patient admission note",13678,13678,-,0,1.21,3,94,338,1388,2895,6862,307,532
2026-10-02T08:26:18.845069736,"Generate OMRS Identifier",2415,2415,-,0,0.21,6,148,346,1560,3357,6562,355,609
2026-10-02T08:26:18.845069736,"Send Patient Registration Request",2415,2415,-,0,0.21,20,1021,1894,4509,7138,11901,1432,1451
2026-10-02T08:26:18.845069736,"Dispense medication form submission",2476,2476,-,0,0.22,29,541,2510,7790,12894,22157,1869,2718
2026-10-02T08:26:18.845069736,"Get Patient Encounters",1253,1253,-,0,0.11,10,1938,3261,5635,8647,13287,2255,1820
2026-10-02T08:26:18.845069736,"Get Lab Results of Patient",2506,2506,-,0,0.22,1,458,921,2162,3743,9900,672,755
2026-10-02T08:26:18.845069736,"Submit Appointment StatusChange",2200,2200,-,0,0.19,6,128,250,1301,2893,5790,284,503
2026-10-02T08:26:18.845069736,"Get specific encounter details",3166,3166,-,0,0.28,4,88,185,974,2137,6089,223,426
2026-10-02T08:26:18.845069736,"Get Alkaline concept details",3166,3166,-,0,0.28,2,53,111,926,1898,6539,175,417
2026-10-02T08:26:18.845069736,"Update the specific encounter",3166,3166,-,0,0.28,19,538,1510,4119,6275,15431,1116,1451
2026-10-02T08:26:18.845069736,"Update the Lab Order Completion",3166,3166,-,0,0.28,14,441,1270,3858,6405,13640,967,1304
2026-10-02T08:26:18.845069736,"Get Visits With Diagnoses and Notes (new endpoint)",1253,1253,-,0,0.11,8,230,471,1498,2602,7177,406,545
2026-10-02T08:26:18.845069736,"Close medication",2476,2476,-,0,0.22,12,201,721,3366,6197,12942,686,1206
2026-10-02T08:26:18.845069736,"Discontinue the drug order",2476,2476,-,0,0.22,19,379,845,3476,6058,11685,761,1146
2026-10-02T08:26:18.845069736,"Get Drug Orders except the cancelled and expired",1253,1253,-,0,0.11,5,680,1198,2670,4622,8910,884,936
2026-10-02T08:26:18.845069736,"Get Drug Orders except the discontinued orders",1253,1253,-,0,0.11,4,636,1164,2584,4020,8567,850,903
2026-10-02T08:26:18.845069736,"Get Observation Tree Details",3759,3759,-,0,0.33,4,716,4143,15684,25983,36456,3393,5661
2026-10-02T08:26:18.845069736,"Search for Condition",2506,2506,-,0,0.22,11,309,488,1498,2528,7496,443,561
2026-10-02T08:26:18.845069736,"Save Conditions",1253,1253,-,0,0.11,6,140,528,2089,3855,8573,472,809
2026-10-02T08:26:18.845069736,"Get Immunizations of Patient",3759,3759,-,0,0.33,2,189,1860,10233,14988,29674,1773,3451
2026-10-02T08:26:18.845069736,"Get all immunizations",1253,1253,-,0,0.11,7,192,368,1413,3277,5149,367,560
2026-10-02T08:26:18.845069736,"Submit Patient immunization",1253,1247,6,0.48,0.11,43,1867,5441,12465,17465,25198,3549,4203
2026-10-02T08:26:18.845069736,"Get Attachments of Patient",2506,2506,-,0,0.22,5,187,475,1694,3037,5352,405,596
2026-10-02T08:26:18.845069736,"Get Allowed File Extensions",1253,1253,-,0,0.11,1,33,57,424,1263,3159,96,253
2026-10-02T08:26:18.845069736,"Get Programs",2506,2506,-,0,0.22,8,211,342,1099,2231,6033,310,402
2026-10-02T08:26:18.845069736,"Add new program to patient",1253,1253,-,0,0.11,6,181,588,2172,4299,9554,529,927
2026-10-02T08:26:18.845069736,"Complete the program",1253,1253,-,0,0.11,7,172,548,2042,4103,7624,483,788
2026-10-02T08:26:18.845069736,"Upload Attachment Request",1253,1240,13,1.04,0.11,207,9504,18039,34871,44304,64159,12164,11185
2026-10-02T08:26:18.845069736,"Save Visit Note",1253,1253,-,0,0.11,14,458,1666,4640,8193,13995,1188,1644
2026-10-02T08:26:18.845069736,"Save Patient Diagnosis",2506,2506,-,0,0.22,5,133,431,1950,4024,7336,414,734
